mu, xxx, xxy, xxz, xyx, xyy, xyz, xzx, xzy, xzz, yxx, yxy, yxz, yyx, yyy, yyz, yzx, yzy, yzz, zxx, zxy, zxz, zyx, zyy, zyz, zzx, zzy, zzz
-3.375000e-02, 1.416961e-06, -5.860614e-07, 8.938873e-06, -7.729747e+01, -4.462772e+01, -5.120333e+01, -3.329780e+02, -2.630461e+02, -2.011820e+02, 7.729748e+01, 4.462772e+01, 5.120331e+01, 2.437656e-06, 9.393331e-07, -1.528180e-05, 6.475361e+02, 3.329780e+02, 3.484576e+02, 3.329780e+02, 2.630461e+02, 2.011819e+02, -6.475361e+02, -3.329780e+02, -3.484575e+02, -2.275745e-05, 1.476605e-06, 8.025872e-06
-3.250000e-02, 4.924722e-06, 5.883649e-06, -3.682482e-05, 2.050958e+02, 1.184121e+02, 1.358594e+02, 8.835013e+02, 6.979489e+02, 5.338028e+02, -2.050959e+02, -1.184121e+02, -1.358594e+02, -5.700929e-06, -2.277979e-06, 3.478449e-05, -1.718128e+03, -8.835013e+02, -9.245735e+02, -8.835013e+02, -6.979489e+02, -5.338027e+02, 1.718128e+03, 8.835013e+02, 9.245734e+02, 1.061593e-05, -3.059168e-05, 2.581692e-06
-3.125000e-02, 4.941035e-05, 3.701459e-05, -1.771908e-04, 5.761142e+02, 3.326197e+02, 3.816289e+02, 2.481756e+03, 1.960539e+03, 1.499453e+03, -5.761142e+02, -3.326197e+02, -3.816287e+02, -5.365482e-05, -2.814846e-05, 1.758242e-04, -4.826223e+03, -2.481756e+03, -2.597129e+03, -2.481756e+03, -1.960539e+03, -1.499453e+03, 4.826223e+03, 2.481756e+03, 2.597128e+03, 6.989377e-05, -1.292336e-04, 1.729118e-06
