mu, xxx, xxy, xxz, xyx, xyy, xyz, xzx, xzy, xzz, yxx, yxy, yxz, yyx, yyy, yyz, yzx, yzy, yzz, zxx, zxy, zxz, zyx, zyy, zyz, zzx, zzy, zzz
-3.375000e-02, -1.979284e-06, -1.108061e-06, 3.436379e-05, 7.293811e+04, 4.211084e+04, -1.606827e+04, 3.425645e+05, 2.026492e+05, -4.143062e+04, -7.293811e+04, -4.211084e+04, 1.606827e+04, 1.015495e-05, 5.874525e-06, -4.874868e-05, -5.982104e+05, -3.425655e+05, 7.176054e+04, -3.425645e+05, -2.026492e+05, 4.143062e+04, 5.982104e+05, 3.425655e+05, -7.176054e+04, -6.130145e-05, -3.547187e-05, 2.877259e-04
-3.250000e-02, 3.070193e-05, 1.760008e-05, -1.658558e-04, -1.935284e+05, -1.117337e+05, 4.263424e+04, -9.089394e+05, -5.376967e+05, 1.099298e+05, 1.935284e+05, 1.117337e+05, -4.263424e+04, -2.799316e-05, -1.620370e-05, 1.612286e-04, 1.587249e+06, 9.089391e+05, -1.904039e+05, 9.089394e+05, 5.376967e+05, -1.099298e+05, -1.587249e+06, -9.089391e+05, 1.904039e+05, -1.986508e-05, -1.115698e-05, 9.255313e-05
-3.125000e-02, 1.821894e-04, 1.048315e-04, -6.366106e-04, -5.436212e+05, -3.138599e+05, 1.197595e+05, -2.553222e+06, -1.510396e+06, 3.087970e+05, 5.436212e+05, 3.138599e+05, -1.197595e+05, -1.802185e-04, -1.041677e-04, 6.335115e-04, 4.458603e+06, 2.553222e+06, -5.348519e+05, 2.553222e+06, 1.510396e+06, -3.087970e+05, -4.458603e+06, -2.553222e+06, 5.348519e+05, -1.218001e-05, -9.420804e-06, 6.198853e-05
