mu, xxx, xxy, xxz, xyx, xyy, xyz, xzx, xzy, xzz, yxx, yxy, yxz, yyx, yyy, yyz, yzx, yzy, yzz, zxx, zxy, zxz, zyx, zyy, zyz, zzx, zzy, zzz
-3.375000e-02, -1.256540e-06, -7.159254e-07, 1.071373e-05, 7.111376e+03, 4.105755e+03, -1.566622e+03, 3.340004e+04, 1.975830e+04, -4.039463e+03, -7.111376e+03, -4.105755e+03, 1.566622e+03, 1.939687e-06, 1.122832e-06, -1.192301e-05, -5.832549e+04, -3.340013e+04, 6.996606e+03, -3.340004e+04, -1.975830e+04, 4.039463e+03, 5.832549e+04, 3.340013e+04, -6.996606e+03, -5.138947e-06, -3.003985e-06, 2.418118e-05
-3.250000e-02, -2.265226e-06, -1.304356e-06, 7.083052e-06, 7.301672e+03, 4.215622e+03, -1.608558e+03, 3.429363e+04, 2.028690e+04, -4.147616e+03, -7.301672e+03, -4.215622e+03, 1.608558e+03, 1.585692e-06, 9.164264e-07, -5.896917e-06, -5.988563e+04, -3.429354e+04, 7.183831e+03, -3.429363e+04, -2.028690e+04, 4.147616e+03, 5.988563e+04, 3.429354e+04, -7.183831e+03, 5.046837e-06, 2.936873e-06, -2.372957e-05
-3.125000e-02, -2.711042e-06, -1.557691e-06, 1.148242e-05, 7.709854e+03, 4.451286e+03, -1.698472e+03, 3.621095e+04, 2.142113e+04, -4.379481e+03, -7.709854e+03, -4.451286e+03, 1.698472e+03, 3.264739e-06, 1.887157e-06, -1.246408e-05, -6.323405e+04, -3.621102e+04, 7.585524e+03, -3.621095e+04, -2.142113e+04, 4.379481e+03, 6.323405e+04, 3.621102e+04, -7.585524e+03, -4.198999e-06, -2.396691e-06, 1.963111e-05
