mu, xxx, xxy, xxz, xyx, xyy, xyz, xzx, xzy, xzz, yxx, yxy, yxz, yyx, yyy, yyz, yzx, yzy, yzz, zxx, zxy, zxz, zyx, zyy, zyz, zzx, zzy, zzz
-3.375000e-02, 1.711707e-14, -1.286753e-14, 2.578165e-14, 5.519146e-14, -4.785071e-14, -3.691476e-14, 3.330627e-13, -3.474818e-13, 1.108675e-13, -3.763723e-14, 4.791061e-14, -5.180100e-14, -5.330711e-14, 4.161559e-14, 4.675911e-14, -4.015422e-13, 6.395075e-13, -3.712899e-14, -1.752171e-13, 2.180605e-14, -1.290825e-13, 2.192379e-13, -4.553963e-14, -5.129791e-14, 1.624201e-13, -1.273303e-13, -1.296311e-14
-3.250000e-02, 1.501543e-14, -1.554467e-14, 2.433355e-14, 5.785631e-14, -4.650344e-14, -3.660027e-14, 3.303868e-13, -3.499603e-13, 1.050696e-13, -3.405814e-14, 5.228334e-14, -4.992091e-14, -5.921948e-14, 3.936458e-14, 4.488343e-14, -3.939215e-13, 6.453242e-13, -2.889874e-14, -1.761310e-13, 2.454869e-14, -1.287619e-13, 2.244015e-13, -4.774243e-14, -5.091736e-14, 1.632170e-13, -1.294830e-13, -7.211500e-15
-3.125000e-02, 1.431889e-14, -1.527975e-14, 2.494072e-14, 5.792622e-14, -4.633129e-14, -3.524961e-14, 3.280029e-13, -3.499453e-13, 1.070710e-13, -3.377093e-14, 5.025992e-14, -5.073425e-14, -5.888377e-14, 4.039158e-14, 4.433492e-14, -3.899267e-13, 6.464454e-13, -3.486626e-14, -1.753598e-13, 2.491863e-14, -1.290174e-13, 2.187471e-13, -4.857235e-14, -5.368172e-14, 1.657075e-13, -1.246774e-13, -1.067729e-14
