mu, xxx, xxy, xxz, xyx, xyy, xyz, xzx, xzy, xzz, yxx, yxy, yxz, yyx, yyy, yyz, yzx, yzy, yzz, zxx, zxy, zxz, zyx, zyy, zyz, zzx, zzy, zzz
-3.375000e-02, -1.398749e-11, -1.098074e-11, 1.921084e-11, 1.599226e-11, 8.425927e-12, -2.815723e-11, -7.372200e-11, 4.637317e-11, 2.749832e-11, 3.199152e-12, 6.717063e-12, -3.562966e-11, -3.219661e-11, 4.269749e-11, 5.933112e-11, -1.432463e-11, -1.659427e-10, -3.179213e-11, 1.511163e-10, 8.412145e-11, -2.471927e-11, -9.760824e-11, 1.130740e-10, 5.620177e-11, 6.836930e-12, -1.177822e-11, -5.314046e-12
-3.250000e-02, -1.177269e-11, -1.003883e-11, 1.894243e-11, 1.529853e-11, 7.567145e-12, -2.804704e-11, -6.871563e-11, 4.969744e-11, 2.729671e-11, -1.285269e-12, 5.089997e-12, -3.507674e-11, -2.646968e-11, 4.422395e-11, 5.928626e-11, -2.597773e-11, -1.711691e-10, -3.096765e-11, 1.505226e-10, 8.278780e-11, -2.466945e-11, -9.666865e-11, 1.106210e-10, 5.637292e-11, 8.184626e-12, -1.289664e-11, -5.098713e-12
-3.125000e-02, -1.170760e-11, -9.492222e-12, 1.899941e-11, 1.418781e-11, 6.669825e-12, -2.775223e-11, -6.917223e-11, 4.984734e-11, 2.686360e-11, -3.810058e-14, 4.160498e-12, -3.508975e-11, -2.821480e-11, 4.526692e-11, 5.873860e-11, -2.553314e-11, -1.715543e-10, -3.091148e-11, 1.479169e-10, 8.406871e-11, -2.432457e-11, -9.284834e-11, 1.132412e-10, 5.596303e-11, 6.916009e-12, -1.354318e-11, -4.964200e-12
