mu, xx, xy, xz, yx, yy, yz, zx, zy, zz
-3.375000e-02, 5.326648e-16, -9.134959e-16, 6.132433e-16, -6.918081e-16, 2.657058e-15, 3.687827e-16, -3.373364e-16, 7.617838e-16, 9.437991e-16
-3.250000e-02, 5.193163e-16, -7.941089e-16, 1.790789e-15, -1.219847e-15, 1.902466e-15, 4.200026e-16, -1.624581e-15, -2.897549e-16, 1.182843e-15
-3.125000e-02, 3.474722e-16, -8.686392e-16, 2.344048e-15, -2.145075e-15, 1.302326e-15, -1.283666e-15, -3.162695e-15, 3.682033e-15, 6.889201e-16
-3.000000e-02, 4.181590e-16, -9.032329e-16, 4.034187e-15, -2.384173e-15, 2.525733e-15, -6.375265e-15, -3.924980e-15, 7.166637e-15, 4.418385e-16
