mu, xxx, xxy, xxz, xyx, xyy, xyz, xzx, xzy, xzz, yxx, yxy, yxz, yyx, yyy, yyz, yzx, yzy, yzz, zxx, zxy, zxz, zyx, zyy, zyz, zzx, zzy, zzz
-3.375000e-02, -3.683642e-15, -1.893983e-14, -4.808535e-15, -3.721086e-15, -1.199416e-14, -1.814663e-14, -1.544231e-13, -2.028550e-13, -9.401635e-14, 3.833261e-14, 4.780507e-14, 2.524446e-14, -6.956135e-14, -1.448845e-14, -1.224617e-14, 2.276841e-13, 1.217067e-13, 1.942727e-13, 1.991550e-13, 1.304140e-13, 1.533503e-13, -4.040876e-13, -2.347558e-13, -2.529532e-13, 6.167594e-14, 3.044572e-14, 1.603162e-15
-3.250000e-02, -1.961305e-14, 1.875948e-14, -2.782443e-15, -2.199150e-14, 2.960418e-14, 4.282173e-14, 2.315738e-13, 1.547473e-13, 1.121845e-13, -3.358026e-14, -7.056358e-14, -3.398422e-14, 1.014777e-13, 6.621495e-15, -1.632759e-14, -5.402728e-13, -2.482918e-13, -2.926479e-13, -2.857776e-13, -1.376102e-13, -1.622540e-13, 4.470768e-13, 2.576021e-13, 2.860251e-13, -7.045844e-14, -2.760725e-14, -2.140669e-14
-3.125000e-02, -4.995885e-14, 4.849096e-14, -4.796391e-16, 1.813680e-14, 1.069276e-13, 1.479092e-13, 8.856614e-13, 5.410440e-13, 4.631914e-13, -1.305190e-13, -2.296267e-13, -1.243557e-13, 3.513295e-13, 5.773679e-14, -1.587215e-14, -1.479385e-12, -8.039018e-13, -8.443723e-13, -8.890076e-13, -5.374411e-13, -4.198468e-13, 1.237421e-12, 7.753801e-13, 8.597130e-13, -1.355551e-13, -9.373899e-15, -8.115397e-15
