mu, xxx, xxy, xxz, xyx, xyy, xyz, xzx, xzy, xzz, yxx, yxy, yxz, yyx, yyy, yyz, yzx, yzy, yzz, zxx, zxy, zxz, zyx, zyy, zyz, zzx, zzy, zzz
-3.375000e-02, 7.183413e-12, 6.356387e-12, -5.199061e-14, 2.636811e-11, 2.613290e-11, -8.695235e-12, 2.665430e-10, 8.790578e-11, -2.351004e-11, -5.529114e-11, -3.033334e-11, 6.997147e-12, 1.669567e-11, 6.144008e-12, -2.596144e-12, -1.846054e-10, -1.704707e-10, 3.547234e-11, -2.501336e-10, -1.169398e-10, 2.627850e-11, 2.911933e-10, 2.069651e-10, -5.113772e-11, -2.616385e-11, -1.179238e-11, 2.685487e-12
-3.250000e-02, 2.806571e-12, 1.378753e-14, -1.620990e-12, -6.716553e-11, -5.140279e-11, 9.684325e-12, -2.182718e-10, -1.197395e-10, 3.937804e-11, 5.990605e-11, 3.342850e-11, -9.004052e-12, 3.941153e-11, 3.657989e-11, -3.281281e-12, 3.435565e-10, 2.193088e-10, -6.041110e-11, 2.491524e-10, 1.609071e-10, -3.610023e-11, -4.046255e-10, -1.861224e-10, 4.980668e-11, 2.852287e-12, 6.040133e-12, -2.109466e-12
-3.125000e-02, -2.042303e-12, -4.961509e-14, 2.174814e-12, -2.533513e-10, -1.666298e-10, 2.898812e-11, -8.120348e-10, -4.691378e-10, 1.160407e-10, 2.250046e-10, 1.262877e-10, -3.524739e-11, 6.435183e-11, 6.410133e-11, 5.495605e-13, 1.327721e-09, 8.117313e-10, -1.930580e-10, 8.239446e-10, 4.647708e-10, -1.057347e-10, -1.333914e-09, -7.047417e-10, 1.638664e-10, -4.352448e-11, -7.572711e-12, 8.057770e-13
