mu, xx, xy, xz, yx, yy, yz, zx, zy, zz
-3.375000e-02, 1.661611e+00, -2.727442e+00, 3.889689e-01, -2.727442e+00, 4.810993e+00, 2.245938e-01, 3.889689e-01, 2.245938e-01, 4.240225e+00
-3.250000e-02, 1.716965e+00, -2.818310e+00, 4.019234e-01, -2.818310e+00, 4.971287e+00, 2.320340e-01, 4.019234e-01, 2.320340e-01, 4.381222e+00
-3.125000e-02, 1.888045e+00, -3.098846e+00, 4.421198e-01, -3.098846e+00, 5.465669e+00, 2.548424e-01, 4.421198e-01, 2.548424e-01, 4.817239e+00
-3.000000e-02, 2.354770e+00, -3.865601e+00, 5.487294e-01, -3.865601e+00, 6.819105e+00, 3.211036e-01, 5.487294e-01, 3.211036e-01, 5.999031e+00
