mu, xxx, xxy, xxz, xyx, xyy, xyz, xzx, xzy, xzz, yxx, yxy, yxz, yyx, yyy, yyz, yzx, yzy, yzz, zxx, zxy, zxz, zyx, zyy, zyz, zzx, zzy, zzz
-3.375000e-02, -1.161697e-07, -7.843850e-08, 4.873997e-07, -7.536518e+00, -4.351211e+00, -4.992331e+00, -3.246544e+01, -2.564707e+01, -1.961529e+01, 7.536519e+00, 4.351211e+00, 4.992329e+00, 3.783452e-07, 2.146509e-07, -1.020513e-06, 6.313495e+01, 3.246545e+01, 3.397470e+01, 3.246544e+01, 2.564707e+01, 1.961529e+01, -6.313495e+01, -3.246545e+01, -3.397469e+01, -1.738585e-06, -1.776180e-07, 6.744925e-07
-3.250000e-02, -6.253486e-07, -5.012496e-07, 2.490789e-06, -7.738079e+00, -4.467582e+00, -5.125851e+00, -3.333370e+01, -2.633298e+01, -2.013991e+01, 7.738080e+00, 4.467582e+00, 5.125849e+00, 4.550463e-07, 2.159889e-07, -1.967704e-06, 6.482341e+01, 3.333370e+01, 3.488332e+01, 3.333370e+01, 2.633298e+01, 2.013990e+01, -6.482341e+01, -3.333370e+01, -3.488332e+01, 4.494535e-07, 2.350277e-06, -6.619413e-07
-3.125000e-02, -6.907918e-07, -4.682454e-07, 2.121116e-06, -8.170726e+00, -4.717371e+00, -5.412442e+00, -3.519745e+01, -2.780530e+01, -2.126596e+01, 8.170727e+00, 4.717371e+00, 5.412439e+00, 9.383439e-07, 5.186170e-07, -2.553916e-06, 6.844783e+01, 3.519746e+01, 3.683373e+01, 3.519745e+01, 2.780530e+01, 2.126595e+01, -6.844783e+01, -3.519746e+01, -3.683372e+01, -2.105536e-06, 1.057982e-06, 5.475662e-07
