damping, xx, xy, xz, yx, yy, yz, zx, zy, zz
1.000000e-05, 2.155617e+08, -2.236934e+05, 8.204840e+05, -2.236934e+05, 2.920713e+06, -1.505369e+07, 8.204840e+05, -1.505369e+07, 1.421381e+08
5.000000e-05, 4.425108e+07, -3.099672e+04, 7.275027e+04, -3.099672e+04, 6.034834e+05, -3.110207e+06, 7.275027e+04, -3.110207e+06, 2.930436e+07
1.000000e-04, 2.219376e+07, 9.618094e+03, -3.369441e+04, 9.618094e+03, 3.016828e+05, -1.553890e+06, -3.369441e+04, -1.553890e+06, 1.465027e+07
2.000000e-04, 1.108912e+07, 5.235866e+03, -4.945983e+04, 5.235866e+03, 1.513330e+05, -7.824966e+05, -4.945983e+04, -7.824966e+05, 7.384000e+06
3.000000e-04, 7.395753e+06, 1.290991e+03, -4.369963e+03, 1.290991e+03, 1.006212e+05, -5.191864e+05, -4.369963e+03, -5.191864e+05, 4.907088e+06
4.000000e-04, 5.558214e+06, 4.718461e+03, -2.867697e+04, 4.718461e+03, 7.464777e+04, -3.848679e+05, -2.867697e+04, -3.848679e+05, 3.658908e+06
5.000000e-04, 4.428047e+06, 1.409629e+03, 2.208106e+03, 1.409629e+03, 6.016043e+04, -3.101363e+05, 2.208106e+03, -3.101363e+05, 2.918124e+06
