damping, xx, xy, xz, yx, yy, yz, zx, zy, zz
1.000000e-05, 1.672785e+06, 2.745766e+06, -3.951003e+05, 2.745766e+06, 4.844360e+06, 2.211043e+05, -3.951003e+05, 2.211043e+05, 4.259781e+06
5.000000e-05, 3.357194e+05, 5.510694e+05, -7.893694e+04, 5.510694e+05, 9.716050e+05, 4.330945e+04, -7.893694e+04, 4.330945e+04, 8.527206e+05
1.000000e-04, 1.671389e+05, 2.747058e+05, -3.895377e+04, 2.747058e+05, 4.852643e+05, 2.298209e+04, -3.895377e+04, 2.298209e+04, 4.262457e+05
2.000000e-04, 8.360749e+04, 1.372902e+05, -1.925196e+04, 1.372902e+05, 2.421874e+05, 1.158299e+04, -1.925196e+04, 1.158299e+04, 2.124164e+05
3.000000e-04, 5.571245e+04, 9.146007e+04, -1.318962e+04, 9.146007e+04, 1.613130e+05, 7.158477e+03, -1.318962e+04, 7.158477e+03, 1.419490e+05
4.000000e-04, 4.159369e+04, 6.829479e+04, -9.615809e+03, 6.829479e+04, 1.205345e+05, 5.906421e+03, -9.615809e+03, 5.906421e+03, 1.063816e+05
5.000000e-04, 3.307776e+04, 5.430639e+04, -7.798301e+03, 5.430639e+04, 9.583617e+04, 4.415381e+03, -7.798301e+03, 4.415381e+03, 8.450451e+04
