damping, xx, xy, xz, yx, yy, yz, zx, zy, zz
1.000000e-05, 3.630867e+06, -5.136543e+01, -2.364829e+02, -5.136543e+01, 4.949137e+04, -2.539473e+05, -2.364829e+02, -2.539473e+05, 2.394503e+06
2.000000e-05, 1.814267e+06, -1.332482e+03, -1.961915e+03, -1.332482e+03, 2.486021e+04, -1.273804e+05, -1.961915e+03, -1.273804e+05, 1.195244e+06
3.000000e-05, 1.231623e+06, 1.436973e+02, -2.611156e+03, 1.436973e+02, 1.663992e+04, -8.502877e+04, -2.611156e+03, -8.502877e+04, 7.976566e+05
5.000000e-05, 7.197234e+05, -5.465599e+02, 3.510212e+03, -5.465599e+02, 9.787570e+03, -5.012453e+04, 3.510212e+03, -5.012453e+04, 4.724936e+05
7.000000e-05, 5.214640e+05, 3.079830e+02, -7.407651e+01, 3.079830e+02, 6.988070e+03, -3.582504e+04, -7.407651e+01, -3.582504e+04, 3.410441e+05
1.000000e-04, 3.645999e+05, -5.817015e+01, -6.516813e+02, -5.817015e+01, 4.954742e+03, -2.535617e+04, -6.516813e+02, -2.535617e+04, 2.377269e+05
2.000000e-04, 1.826273e+05, 1.066287e+02, -5.836345e+01, 1.066287e+02, 2.461964e+03, -1.261231e+04, -5.836345e+01, -1.261231e+04, 1.193394e+05
3.000000e-04, 1.202480e+05, 1.689385e+01, 4.576349e+02, 1.689385e+01, 1.649635e+03, -8.480026e+03, 4.576349e+02, -8.480026e+03, 7.977347e+04
