damping, xx, xy, xz, yx, yy, yz, zx, zy, zz
1.000000e-05, 6.431632e+06, 1.502788e+03, -9.003395e+03, 1.502788e+03, 8.746620e+04, -4.512306e+05, -9.003395e+03, -4.512306e+05, 4.255284e+06
5.000000e-05, 1.283916e+06, 5.702193e+01, -2.181533e+03, 5.702193e+01, 1.742041e+04, -8.989848e+04, -2.181533e+03, -8.989848e+04, 8.505652e+05
1.000000e-04, 6.430886e+05, -1.322015e+02, 6.670130e+02, -1.322015e+02, 8.751936e+03, -4.517147e+04, 6.670130e+02, -4.517147e+04, 4.262205e+05
2.000000e-04, 3.216135e+05, 8.510179e+01, -8.527185e+01, 8.510179e+01, 4.373405e+03, -2.255791e+04, -8.527185e+01, -2.255791e+04, 2.127328e+05
3.000000e-04, 2.135980e+05, -8.331851e+00, 5.223494e+02, -8.331851e+00, 2.908733e+03, -1.501563e+04, 5.223494e+02, -1.501563e+04, 1.419010e+05
4.000000e-04, 1.596564e+05, -4.557089e+01, 1.800583e+02, -4.557089e+01, 2.177954e+03, -1.124328e+04, 1.800583e+02, -1.124328e+04, 1.060740e+05
5.000000e-04, 1.273192e+05, 1.921405e+01, -4.378391e+01, 1.921405e+01, 1.733619e+03, -8.942447e+03, -4.378391e+01, -8.942447e+03, 8.435271e+04
