damping, xx, xy, xz, yx, yy, yz, zx, zy, zz
1.000000e-05, 2.147710e+08, 4.393239e+04, -3.207868e+05, 4.393239e+04, 2.926483e+06, -1.510419e+07, -3.207868e+05, -1.510419e+07, 1.424472e+08
5.000000e-05, 4.438676e+07, 2.564437e+04, 1.554483e+04, 2.564437e+04, 6.009894e+05, -3.099565e+06, 1.554483e+04, -3.099565e+06, 2.929371e+07
1.000000e-04, 2.213107e+07, 4.576602e+03, -4.441173e+04, 4.576602e+03, 3.030562e+05, -1.564067e+06, -4.441173e+04, -1.564067e+06, 1.471918e+07
2.000000e-04, 1.112525e+07, 2.375591e+03, 6.799690e+03, 2.375591e+03, 1.507655e+05, -7.779820e+05, 6.799690e+03, -7.779820e+05, 7.361602e+06
3.000000e-04, 7.392027e+06, 7.525582e+02, -9.317956e+03, 7.525582e+02, 1.009728e+05, -5.213955e+05, -9.317956e+03, -5.213955e+05, 4.913524e+06
4.000000e-04, 5.561395e+06, -2.037013e+03, -3.983977e+03, -2.037013e+03, 7.471928e+04, -3.849231e+05, -3.983977e+03, -3.849231e+05, 3.652640e+06
5.000000e-04, 4.428711e+06, 1.743604e+03, -1.160897e+04, 1.743604e+03, 5.998207e+04, -3.092356e+05, -1.160897e+04, -3.092356e+05, 2.917509e+06
