damping, xx, xy, xz, yx, yy, yz, zx, zy, zz
1.000000e-05, 5.829147e+06, 1.359433e+03, -7.788246e+03, 1.359433e+03, 7.929442e+04, -4.090896e+05, -7.788246e+03, -4.090896e+05, 3.857460e+06
5.000000e-05, 1.162308e+06, 3.446064e+01, -1.879228e+03, 3.446064e+01, 1.577258e+04, -8.139689e+04, -1.879228e+03, -8.139689e+04, 7.700878e+05
1.000000e-04, 5.823509e+05, -1.148125e+02, 4.933059e+02, -1.148125e+02, 7.923776e+03, -4.089587e+04, 4.933059e+02, -4.089587e+04, 3.858896e+05
2.000000e-04, 2.913643e+05, 7.457050e+01, -6.340180e+01, 7.457050e+01, 3.962041e+03, -2.043553e+04, -6.340180e+01, -2.043553e+04, 1.927072e+05
3.000000e-04, 1.937652e+05, -9.176029e+00, 4.644138e+02, -9.176029e+00, 2.639085e+03, -1.362314e+04, 4.644138e+02, -1.362314e+04, 1.287196e+05
4.000000e-04, 1.454335e+05, -4.084970e+01, 1.594317e+02, -4.084970e+01, 1.983226e+03, -1.023758e+04, 1.594317e+02, -1.023758e+04, 9.660422e+04
5.000000e-04, 1.165269e+05, 1.575694e+01, -3.642213e+01, 1.575694e+01, 1.586293e+03, -8.182302e+03, -3.642213e+01, -8.182302e+03, 7.718619e+04
