damping, xx, xy, xz, yx, yy, yz, zx, zy, zz
1.000000e-05, 1.519951e+06, 2.494999e+06, -3.521403e+05, 2.494999e+06, 4.399209e+06, 2.050748e+05, -3.521403e+05, 2.050748e+05, 3.850429e+06
5.000000e-05, 3.031083e+05, 4.975615e+05, -7.163012e+04, 4.975615e+05, 8.776621e+05, 3.950050e+04, -7.163012e+04, 3.950050e+04, 7.719512e+05
1.000000e-04, 1.516806e+05, 2.489196e+05, -3.540061e+04, 2.489196e+05, 4.388706e+05, 2.029288e+04, -3.540061e+04, 2.029288e+04, 3.857999e+05
2.000000e-04, 7.570446e+04, 1.241779e+05, -1.776375e+04, 1.241779e+05, 2.189451e+05, 1.022615e+04, -1.776375e+04, 1.022615e+04, 1.929021e+05
3.000000e-04, 5.048336e+04, 8.292449e+04, -1.157813e+04, 8.292449e+04, 1.463516e+05, 7.140177e+03, -1.157813e+04, 7.140177e+03, 1.285447e+05
4.000000e-04, 3.799217e+04, 6.234300e+04, -8.932141e+03, 6.234300e+04, 1.098980e+05, 4.933524e+03, -8.932141e+03, 4.933524e+03, 9.633790e+04
5.000000e-04, 3.032830e+04, 4.981835e+04, -7.183334e+03, 4.981835e+04, 8.794685e+04, 3.947080e+03, -7.183334e+03, 3.947080e+03, 7.717517e+04
