damping, xx, xy, xz, yx, yy, yz, zx, zy, zz
1.000000e-05, 1.515350e+06, -2.486748e+06, 3.508897e+05, -2.486748e+06, 4.385439e+06, 2.107280e+05, 3.508897e+05, 2.107280e+05, 3.860200e+06
5.000000e-05, 3.019815e+05, -4.957265e+05, 7.072997e+04, -4.957265e+05, 8.746752e+05, 4.105167e+04, 7.072997e+04, 4.105167e+04, 7.718038e+05
1.000000e-04, 1.506788e+05, -2.472683e+05, 3.515583e+04, -2.472683e+05, 4.362400e+05, 2.098936e+04, 3.515583e+04, 2.098936e+04, 3.858631e+05
2.000000e-04, 7.570081e+04, -1.242427e+05, 1.772059e+04, -1.242427e+05, 2.191081e+05, 1.012233e+04, 1.772059e+04, 1.012233e+04, 1.927878e+05
3.000000e-04, 5.043713e+04, -8.279129e+04, 1.174226e+04, -8.279129e+04, 1.460115e+05, 6.832246e+03, 1.174226e+04, 6.832246e+03, 1.285652e+05
4.000000e-04, 3.799973e+04, -6.238352e+04, 8.942237e+03, -6.238352e+04, 1.100364e+05, 4.946536e+03, 8.942237e+03, 4.946536e+03, 9.623679e+04
5.000000e-04, 3.032256e+04, -4.976163e+04, 7.127592e+03, -4.976163e+04, 8.774096e+04, 3.990529e+03, 7.127592e+03, 3.990529e+03, 7.721132e+04
