damping, xx, xy, xz, yx, yy, yz, zx, zy, zz
1.000000e-05, 5.825232e+06, -3.262220e+03, 1.458505e+04, -3.262220e+03, 7.912487e+04, -4.082082e+05, 1.458505e+04, -4.082082e+05, 3.853433e+06
5.000000e-05, 1.164174e+06, -3.753952e+02, 8.876547e+02, -3.753952e+02, 1.589193e+04, -8.195386e+04, 8.876547e+02, -8.195386e+04, 7.711066e+05
1.000000e-04, 5.823977e+05, 5.787964e+01, 5.219180e+01, 5.787964e+01, 7.904985e+03, -4.071760e+04, 5.219180e+01, -4.071760e+04, 3.841321e+05
2.000000e-04, 2.907683e+05, 1.069301e+02, -6.193404e+02, 1.069301e+02, 3.962783e+03, -2.046660e+04, -6.193404e+02, -2.046660e+04, 1.931389e+05
3.000000e-04, 1.938520e+05, 2.664686e+01, -1.841870e+02, 2.664686e+01, 2.635412e+03, -1.360576e+04, -1.841870e+02, -1.360576e+04, 1.286529e+05
4.000000e-04, 1.460358e+05, 3.138286e+01, -1.747006e+02, 3.138286e+01, 1.975708e+03, -1.018890e+04, -1.747006e+02, -1.018890e+04, 9.635263e+04
5.000000e-04, 1.166647e+05, 5.243803e+00, 4.525741e+01, 5.243803e+00, 1.586915e+03, -8.186971e+03, 4.525741e+01, -8.186971e+03, 7.720245e+04
