damping, xx, xy, xz, yx, yy, yz, zx, zy, zz
1.000000e-05, 5.613432e+07, -9.205966e+07, 1.333503e+07, -9.205966e+07, 1.621845e+08, 7.054475e+06, 1.333503e+07, 7.054475e+06, 1.423363e+08
5.000000e-05, 1.156174e+07, -1.895842e+07, 2.750054e+06, -1.895842e+07, 3.340778e+07, 1.473312e+06, 2.750054e+06, 1.473312e+06, 2.931361e+07
1.000000e-04, 5.804350e+06, -9.518294e+06, 1.372601e+06, -9.518294e+06, 1.676420e+07, 7.273717e+05, 1.372601e+06, 7.273717e+05, 1.470765e+07
2.000000e-04, 2.894799e+06, -4.755591e+06, 6.632393e+05, -4.755591e+06, 8.392972e+06, 4.077329e+05, 6.632393e+05, 4.077329e+05, 7.353920e+06
3.000000e-04, 1.929117e+06, -3.166113e+06, 4.513983e+05, -3.166113e+06, 5.580691e+06, 2.494162e+05, 4.513983e+05, 2.494162e+05, 4.890519e+06
4.000000e-04, 1.453277e+06, -2.382266e+06, 3.398025e+05, -2.382266e+06, 4.192315e+06, 1.839309e+05, 3.398025e+05, 1.839309e+05, 3.660329e+06
5.000000e-04, 1.146563e+06, -1.881352e+06, 2.678636e+05, -1.881352e+06, 3.317420e+06, 1.554548e+05, 2.678636e+05, 1.554548e+05, 2.927324e+06
