damping, xx, xy, xz, yx, yy, yz, zx, zy, zz
1.000000e-05, 5.587599e+07, 9.170389e+07, -1.313669e+07, 9.170389e+07, 1.617720e+08, 7.496898e+06, -1.313669e+07, 7.496898e+06, 1.423848e+08
5.000000e-05, 1.143629e+07, 1.878970e+07, -2.678709e+06, 1.878970e+07, 3.319771e+07, 1.607984e+06, -2.678709e+06, 1.607984e+06, 2.945093e+07
1.000000e-04, 5.774529e+06, 9.475801e+06, -1.359477e+06, 9.475801e+06, 1.671610e+07, 7.760592e+05, -1.359477e+06, 7.760592e+05, 1.470386e+07
2.000000e-04, 2.868534e+06, 4.711739e+06, -6.484134e+05, 4.711739e+06, 8.323647e+06, 4.493362e+05, -6.484134e+05, 4.493362e+05, 7.413020e+06
3.000000e-04, 1.928980e+06, 3.167428e+06, -4.578794e+05, 3.167428e+06, 5.589412e+06, 2.487117e+05, -4.578794e+05, 2.487117e+05, 4.897603e+06
4.000000e-04, 1.438965e+06, 2.358542e+06, -3.417876e+05, 2.358542e+06, 4.153900e+06, 1.840362e+05, -3.417876e+05, 1.840362e+05, 3.672442e+06
5.000000e-04, 1.148687e+06, 1.884336e+06, -2.759199e+05, 1.884336e+06, 3.321471e+06, 1.413090e+05, -2.759199e+05, 1.413090e+05, 2.926530e+06
