damping, xx, xy, xz, yx, yy, yz, zx, zy, zz
1.000000e-05, 1.519447e+06, -2.493197e+06, 3.597880e+05, -2.493197e+06, 4.395502e+06, 1.951376e+05, 3.597880e+05, 1.951376e+05, 3.860734e+06
5.000000e-05, 3.039111e+05, -4.985515e+05, 7.203661e+04, -4.985515e+05, 8.789017e+05, 3.918543e+04, 7.203661e+04, 3.918543e+04, 7.713386e+05
1.000000e-04, 1.518056e+05, -2.488747e+05, 3.614029e+04, -2.488747e+05, 4.383394e+05, 1.901855e+04, 3.614029e+04, 1.901855e+04, 3.860480e+05
2.000000e-04, 7.579642e+04, -1.244505e+05, 1.746136e+04, -1.244505e+05, 2.195657e+05, 1.061197e+04, 1.746136e+04, 1.061197e+04, 1.927201e+05
3.000000e-04, 5.051080e+04, -8.287851e+04, 1.180853e+04, -8.287851e+04, 1.461025e+05, 6.720125e+03, 1.180853e+04, 6.720125e+03, 1.285804e+05
4.000000e-04, 3.801822e+04, -6.238701e+04, 8.820473e+03, -6.238701e+04, 1.099589e+05, 5.087218e+03, 8.820473e+03, 5.087218e+03, 9.632738e+04
5.000000e-04, 3.034665e+04, -4.978012e+04, 7.122459e+03, -4.978012e+04, 8.771773e+04, 3.952376e+03, 7.122459e+03, 3.952376e+03, 7.711548e+04
