damping, xx, xy, xz, yx, yy, yz, zx, zy, zz
1.000000e-05, 5.612331e+07, -9.213645e+07, 1.305151e+07, -9.213645e+07, 1.625281e+08, 7.637558e+06, 1.305151e+07, 7.637558e+06, 1.425580e+08
5.000000e-05, 1.148569e+07, -1.885333e+07, 2.717315e+06, -1.885333e+07, 3.326717e+07, 1.527037e+06, 2.717315e+06, 1.527037e+06, 2.937588e+07
1.000000e-04, 5.765002e+06, -9.457761e+06, 1.342822e+06, -9.457761e+06, 1.667874e+07, 7.999607e+05, 1.342822e+06, 7.999607e+05, 1.472981e+07
2.000000e-04, 2.886003e+06, -4.733383e+06, 6.746490e+05, -4.733383e+06, 8.343096e+06, 3.897964e+05, 6.746490e+05, 3.897964e+05, 7.355470e+06
3.000000e-04, 1.922236e+06, -3.159867e+06, 4.362543e+05, -3.159867e+06, 5.581492e+06, 2.821869e+05, 4.362543e+05, 2.821869e+05, 4.908506e+06
4.000000e-04, 1.448264e+06, -2.377377e+06, 3.411219e+05, -2.377377e+06, 4.192275e+06, 1.850006e+05, 3.411219e+05, 1.850006e+05, 3.650207e+06
5.000000e-04, 1.147518e+06, -1.883065e+06, 2.695929e+05, -1.883065e+06, 3.320551e+06, 1.526883e+05, 2.695929e+05, 1.526883e+05, 2.931366e+06
