damping, xx, xy, xz, yx, yy, yz, zx, zy, zz
1.000000e-05, 5.617626e+07, 9.226725e+07, -1.272229e+07, 9.226725e+07, 1.627811e+08, 8.067843e+06, -1.272229e+07, 8.067843e+06, 1.418675e+08
5.000000e-05, 1.154645e+07, 1.895249e+07, -2.738139e+06, 1.895249e+07, 3.343439e+07, 1.501194e+06, -2.738139e+06, 1.501194e+06, 2.935926e+07
1.000000e-04, 5.798120e+06, 9.510660e+06, -1.357080e+06, 9.510660e+06, 1.675940e+07, 7.673304e+05, -1.357080e+06, 7.673304e+05, 1.474040e+07
2.000000e-04, 2.885719e+06, 4.735222e+06, -6.743720e+05, 4.735222e+06, 8.353303e+06, 3.969227e+05, -6.743720e+05, 3.969227e+05, 7.365206e+06
3.000000e-04, 1.916115e+06, 3.150896e+06, -4.290618e+05, 3.150896e+06, 5.567158e+06, 2.908323e+05, -4.290618e+05, 2.908323e+05, 4.901831e+06
4.000000e-04, 1.445523e+06, 2.371651e+06, -3.442488e+05, 2.371651e+06, 4.180028e+06, 1.801197e+05, -3.442488e+05, 1.801197e+05, 3.664244e+06
5.000000e-04, 1.149475e+06, 1.890027e+06, -2.727436e+05, 1.890027e+06, 3.338871e+06, 1.461152e+05, -2.727436e+05, 1.461152e+05, 2.920676e+06
