damping, xx, xy, xz, yx, yy, yz, zx, zy, zz
1.000000e-05, 1.678448e+06, -2.756568e+06, 3.864916e+05, -2.756568e+06, 4.864145e+06, 2.345094e+05, 3.864916e+05, 2.345094e+05, 4.263806e+06
5.000000e-05, 3.363047e+05, -5.524914e+05, 7.716835e+04, -5.524914e+05, 9.747739e+05, 4.615737e+04, 7.716835e+04, 4.615737e+04, 8.496381e+05
1.000000e-04, 1.668101e+05, -2.741373e+05, 3.802759e+04, -2.741373e+05, 4.842271e+05, 2.450489e+04, 3.802759e+04, 2.450489e+04, 4.263173e+05
2.000000e-04, 8.366089e+04, -1.372531e+05, 1.969679e+04, -1.372531e+05, 2.419721e+05, 1.100615e+04, 1.969679e+04, 1.100615e+04, 2.128925e+05
3.000000e-04, 5.542483e+04, -9.098167e+04, 1.308511e+04, -9.098167e+04, 1.605333e+05, 7.388663e+03, 1.308511e+04, 7.388663e+03, 1.418662e+05
4.000000e-04, 4.148427e+04, -6.812791e+04, 9.599658e+03, -6.812791e+04, 1.202315e+05, 5.788886e+03, 9.599658e+03, 5.788886e+03, 1.059874e+05
5.000000e-04, 3.297849e+04, -5.412568e+04, 7.820789e+03, -5.412568e+04, 9.546057e+04, 4.278963e+03, 7.820789e+03, 4.278963e+03, 8.435604e+04
