damping, xx, xy, xz, yx, yy, yz, zx, zy, zz
1.000000e-05, 1.514595e+06, 2.485963e+06, -3.576168e+05, 2.485963e+06, 4.385670e+06, 2.002623e+05, -3.576168e+05, 2.002623e+05, 3.857008e+06
5.000000e-05, 3.035847e+05, 4.983211e+05, -7.138942e+04, 4.983211e+05, 8.786085e+05, 3.914995e+04, -7.138942e+04, 3.914995e+04, 7.709565e+05
1.000000e-04, 1.511838e+05, 2.484753e+05, -3.525877e+04, 2.484753e+05, 4.389192e+05, 2.075591e+04, -3.525877e+04, 2.075591e+04, 3.856072e+05
2.000000e-04, 7.582508e+04, 1.245088e+05, -1.746756e+04, 1.245088e+05, 2.196317e+05, 1.047624e+04, -1.746756e+04, 1.047624e+04, 1.925826e+05
3.000000e-04, 5.055380e+04, 8.299320e+04, -1.196060e+04, 8.299320e+04, 1.463816e+05, 6.505427e+03, -1.196060e+04, 6.505427e+03, 1.287903e+05
4.000000e-04, 3.779842e+04, 6.206136e+04, -8.740841e+03, 6.206136e+04, 1.095284e+05, 5.359159e+03, -8.740841e+03, 5.359159e+03, 9.666771e+04
5.000000e-04, 3.024248e+04, 4.965015e+04, -7.128419e+03, 4.965015e+04, 8.761694e+04, 4.039945e+03, -7.128419e+03, 4.039945e+03, 7.726088e+04
