mu, xx, xy, xz, yx, yy, yz, zx, zy, zz
-8.000000e-02, 6.035066e+04, -9.903217e+04, 1.427943e+04, -9.903217e+04, 1.746649e+05, 7.957438e+03, 1.427943e+04, 7.957438e+03, 1.540257e+05
-6.400000e-02, 2.515792e+04, -4.134230e+04, 5.786173e+03, -4.134230e+04, 7.293711e+04, 3.472122e+03, 5.786173e+03, 3.472122e+03, 6.402828e+04
