mu, xxx, xxy, xxz, xyx, xyy, xyz, xzx, xzy, xzz, yxx, yxy, yxz, yyx, yyy, yyz, yzx, yzy, yzz, zxx, zxy, zxz, zyx, zyy, zyz, zzx, zzy, zzz
-5.605746e-02
-5.558639e-02
-5.511532e-02
-5.464425e-02
-5.417318e-02
-5.370211e-02
-5.323104e-02
-5.275996e-02
-5.228889e-02
-5.181782e-02
-5.134675e-02
-5.087568e-02
-5.040461e-02
-4.993354e-02
-4.946247e-02
-4.899140e-02
-4.852032e-02
-4.804925e-02
-4.757818e-02
-4.710711e-02
-4.663604e-02
-4.616497e-02
-4.569390e-02
-4.522283e-02
-4.475176e-02
-4.428068e-02
-4.380961e-02
-4.333854e-02
-4.286747e-02
-4.239640e-02
-4.192533e-02
-4.145426e-02
-4.098319e-02
-4.051212e-02
-4.004104e-02
-3.956997e-02
-3.909890e-02
-3.862783e-02
-3.815676e-02
-3.768569e-02
-3.721462e-02
-3.674355e-02
-3.627248e-02
-3.580140e-02
-3.533033e-02
-3.485926e-02
-3.438819e-02
-3.391712e-02
-3.344605e-02
-3.297498e-02
-3.250391e-02
-3.203284e-02
-3.156176e-02
-3.109069e-02
-3.061962e-02
-3.014855e-02
-2.967748e-02
-2.920641e-02
-2.873534e-02
-2.826427e-02
-2.779320e-02
-2.732212e-02
-2.685105e-02
-2.637998e-02
-2.590891e-02
-2.543784e-02
-2.496677e-02
-2.449570e-02
-2.402463e-02
-2.355356e-02
-2.308248e-02
-2.261141e-02
-2.214034e-02
-2.166927e-02
-2.119820e-02
-2.072713e-02
-2.025606e-02
-1.978499e-02
-1.931392e-02
-1.884284e-02
-1.837177e-02
-1.790070e-02
-1.742963e-02
-1.695856e-02
-1.648749e-02
-1.601642e-02
-1.554535e-02
-1.507428e-02
-1.460320e-02
-1.413213e-02
-1.366106e-02
-1.318999e-02
-1.271892e-02
-1.224785e-02
-1.177678e-02
-1.130571e-02
-1.083464e-02
-1.036356e-02
-9.892493e-03
-9.421422e-03
-8.950351e-03
-8.479280e-03
-8.008209e-03
-7.537138e-03
-7.066067e-03
-6.657462e-03
-6.449462e-03
-6.312262e-03
-6.222102e-03
-6.163106e-03
-6.124690e-03
-6.099816e-03
-6.083815e-03
-6.073603e-03
-6.067147e-03
-6.063111e-03
-6.060626e-03
-6.059123e-03
-6.058237e-03
-6.057733e-03
-6.057462e-03
-6.057191e-03
-6.056687e-03
-6.055801e-03
-6.054298e-03
-6.051812e-03
-6.047777e-03
-6.041320e-03
-6.031109e-03
-6.015108e-03
-5.990234e-03
-5.951818e-03
-5.892822e-03
-5.802662e-03
-5.665462e-03
-5.457462e-03
-5.181782e-03
-4.710711e-03
-4.239640e-03
-3.768569e-03
-3.297498e-03
-2.826427e-03
-2.355356e-03
-1.884284e-03
-1.413213e-03
-9.421422e-04
-4.710711e-04
0.000000e+00
