mu, xxx, xxy, xxz, xyx, xyy, xyz, xzx, xzy, xzz, yxx, yxy, yxz, yyx, yyy, yyz, yzx, yzy, yzz, zxx, zxy, zxz, zyx, zyy, zyz, zzx, zzy, zzz
-8.000000e-02, 0.000000e+00, 0.000000e+00, 0.000000e+00, 0.000000e+00, 0.000000e+00, 0.000000e+00, 0.000000e+00, 0.000000e+00, 0.000000e+00, 0.000000e+00, 0.000000e+00, 0.000000e+00, 0.000000e+00, 0.000000e+00, 0.000000e+00, 0.000000e+00, 0.000000e+00, 0.000000e+00, 0.000000e+00, 0.000000e+00, 0.000000e+00, 0.000000e+00, 0.000000e+00, 0.000000e+00, 0.000000e+00, 0.000000e+00, 0.000000e+00
-6.400000e-02, -1.435931e-04, -1.090742e-04, 4.906664e-04, -4.206987e+01, -2.428907e+01, -2.786839e+01, -1.812248e+02, -1.431627e+02, -1.094989e+02, 4.207006e+01, 2.428914e+01, 2.786784e+01, 1.541344e-04, 8.026599e-05, -4.811470e-04, 3.524229e+02, 1.812247e+02, 1.896574e+02, 1.812252e+02, 1.431628e+02, 1.094979e+02, -3.524234e+02, -1.812251e+02, -1.896557e+02, -1.754024e-04, 3.607465e-04, -1.204514e-05
