mu, xxx, xxy, xxz, xyx, xyy, xyz, xzx, xzy, xzz, yxx, yxy, yxz, yyx, yyy, yyz, yzx, yzy, yzz, zxx, zxy, zxz, zyx, zyy, zyz, zzx, zzy, zzz
-8.000000e-02, 0.000000e+00, 0.000000e+00, 0.000000e+00, 0.000000e+00, 0.000000e+00, 0.000000e+00, 0.000000e+00, 0.000000e+00, 0.000000e+00, 0.000000e+00, 0.000000e+00, 0.000000e+00, 0.000000e+00, 0.000000e+00, 0.000000e+00, 0.000000e+00, 0.000000e+00, 0.000000e+00, 0.000000e+00, 0.000000e+00, 0.000000e+00, 0.000000e+00, 0.000000e+00, 0.000000e+00, 0.000000e+00, 0.000000e+00, 0.000000e+00
-6.400000e-02, -3.130986e-04, -1.819974e-04, -5.461073e-04, 3.971800e+04, 2.293120e+04, -8.752800e+03, 1.865206e+05, 1.103379e+05, -2.257770e+04, -3.971800e+04, -2.293120e+04, 8.752800e+03, 3.015086e-04, 1.736661e-04, 5.676961e-04, -3.257107e+05, -1.865191e+05, 3.910480e+04, -1.865206e+05, -1.103379e+05, 2.257770e+04, 3.257107e+05, 1.865191e+05, -3.910480e+04, 8.240755e-05, 6.985195e-05, -4.318159e-04
