mu, xx, xy, xz, yx, yy, yz, zx, zy, zz
-3.400000e-02, 7.519118e-16, -3.927976e-15, 7.593132e-16, 4.874084e-15, 1.241625e-15, -5.296935e-16, -7.552544e-16, 3.549355e-15, 6.593992e-16
-3.300000e-02, 2.204076e-17, -5.316613e-15, 7.705923e-15, 5.396669e-15, -1.639178e-15, -1.564800e-14, -7.453491e-15, 1.830513e-14, 1.169429e-15
-3.200000e-02, 9.065368e-16, -5.748927e-15, -2.195468e-15, 2.266655e-15, -1.051729e-15, -3.721997e-15, 2.574768e-15, 4.955288e-15, 1.273910e-15
-3.100000e-02, 1.582595e-16, -4.662409e-15, 6.034638e-15, 3.666214e-15, 1.521171e-15, -1.156802e-14, -4.780709e-15, 1.477217e-14, 1.082643e-15
-3.000000e-02, 2.432134e-16, -5.165452e-15, 7.680832e-15, 5.007756e-15, 1.875048e-15, -2.157383e-14, -7.621717e-15, 1.849304e-14, 1.807028e-15
