mu, xxx, xxy, xxz, xyx, xyy, xyz, xzx, xzy, xzz, yxx, yxy, yxz, yyx, yyy, yyz, yzx, yzy, yzz, zxx, zxy, zxz, zyx, zyy, zyz, zzx, zzy, zzz
-3.400000e-02, 1.109890e-01, 7.410770e-02, -2.888618e-02, 4.365778e-01, 2.301557e-01, -5.498577e-02, 4.404240e+00, 2.541029e+00, -4.972426e-01, -5.507666e-01, -3.398873e-01, 8.833475e-02, -1.307784e-01, -4.018761e-02, 2.892140e-02, -7.627662e+00, -4.404897e+00, 8.613780e-01, -4.181168e+00, -2.442642e+00, 4.399052e-01, 7.271168e+00, 4.181472e+00, -7.619952e-01, 1.000183e-02, -1.770036e-02, 1.116550e-05
-3.300000e-02, 1.121660e-01, 7.493526e-02, -2.923755e-02, 4.354824e-01, 2.291901e-01, -5.414799e-02, 4.429281e+00, 2.554921e+00, -4.997250e-01, -5.508566e-01, -3.402747e-01, 8.790697e-02, -1.321795e-01, -4.046180e-02, 2.926606e-02, -7.670472e+00, -4.429941e+00, 8.656743e-01, -4.202977e+00, -2.455103e+00, 4.415028e-01, 7.308792e+00, 4.203271e+00, -7.647558e-01, 1.010156e-02, -1.801727e-02, 1.755681e-05
-3.200000e-02, 1.134271e-01, 7.584901e-02, -2.967333e-02, 4.522438e-01, 2.384478e-01, -5.698811e-02, 4.541883e+00, 2.620390e+00, -5.126678e-01, -5.688133e-01, -3.510619e-01, 9.125142e-02, -1.337911e-01, -4.072191e-02, 2.969925e-02, -7.865943e+00, -4.542531e+00, 8.880911e-01, -4.312222e+00, -2.519193e+00, 4.533846e-01, 7.499020e+00, 4.312511e+00, -7.853368e-01, 1.032131e-02, -1.841029e-02, 1.838370e-05
-3.100000e-02, 1.148792e-01, 7.689782e-02, -3.018811e-02, 4.777856e-01, 2.527198e-01, -6.161896e-02, 4.701406e+00, 2.713438e+00, -5.311923e-01, -5.957423e-01, -3.670852e-01, 9.647751e-02, -1.356535e-01, -4.103741e-02, 3.021691e-02, -8.143359e+00, -4.702158e+00, 9.201926e-01, -4.468159e+00, -2.610826e+00, 4.707056e-01, 7.770777e+00, 4.468486e+00, -8.153404e-01, 1.052892e-02, -1.891936e-02, 2.375781e-05
-3.000000e-02, 1.163918e-01, 7.802531e-02, -3.079992e-02, 5.374434e-01, 2.865875e-01, -7.347750e-02, 5.026532e+00, 2.904187e+00, -5.695926e-01, -6.567511e-01, -4.028833e-01, 1.090396e-01, -1.377249e-01, -4.131530e-02, 3.083539e-02, -8.709612e+00, -5.027334e+00, 9.867153e-01, -4.789605e+00, -2.800255e+00, 5.076976e-01, 8.331428e+00, 4.789960e+00, -8.794197e-01, 1.089380e-02, -1.951341e-02, 2.149440e-05
