mu, xxx, xxy, xxz, xyx, xyy, xyz, xzx, xzy, xzz, yxx, yxy, yxz, yyx, yyy, yyz, yzx, yzy, yzz, zxx, zxy, zxz, zyx, zyy, zyz, zzx, zzy, zzz
2.785322e-02, 1.544438e+03, 8.408643e+02, -1.880188e+02, -6.512856e+03, -3.610469e+03, 7.698574e+02, 6.004624e+03, 3.477330e+03, -7.422145e+02, 4.397800e+03, 2.668323e+03, -5.348647e+02, -1.237488e+03, -9.183168e+02, 2.061731e+02, -1.227689e+04, -7.158512e+03, 1.483681e+03, -5.240080e+03, -2.998258e+03, 7.394878e+02, 9.644151e+03, 5.598640e+03, -1.318641e+03, -1.039527e+03, -4.546142e+02, 8.926116e+01
