mu, xxx, xxy, xxz, xyx, xyy, xyz, xzx, xzy, xzz, yxx, yxy, yxz, yyx, yyy, yyz, yzx, yzy, yzz, zxx, zxy, zxz, zyx, zyy, zyz, zzx, zzy, zzz
-3.400000e-02, -1.120526e+00, -7.954857e-01, 3.435967e-01, 2.484469e+00, 1.769706e+00, -1.157662e+00, -1.712299e+01, -9.219845e+00, 1.524058e+00, -1.405052e+00, -4.758012e-01, 7.607897e-01, 1.415110e+00, 2.812692e-01, -3.436473e-01, 2.900308e+01, 1.713008e+01, -2.641039e+00, 1.399668e+01, 7.844819e+00, -6.509077e-01, -2.401183e+01, -1.399959e+01, 1.127823e+00, -1.565438e-01, 2.820180e-01, -4.570371e-04
-3.300000e-02, -1.224508e+00, -8.801149e-01, 4.072920e-01, -9.241960e+00, -4.944851e+00, 1.263622e+00, -7.572173e+01, -4.372707e+01, 8.526970e+00, 1.040530e+01, 6.398603e+00, -1.734006e+00, 1.568975e+00, 2.811934e-01, -4.074808e-01, 1.311770e+02, 7.573052e+01, -1.477076e+01, 7.243269e+01, 4.234546e+01, -7.526531e+00, -1.259899e+02, -7.243635e+01, 1.303689e+01, -1.993289e-01, 3.569448e-01, -4.742503e-04
-3.200000e-02, -1.330713e+00, -9.687589e-01, 4.768064e-01, -2.245358e+01, -1.251053e+01, 3.998185e+00, -1.417735e+02, -8.262687e+01, 1.641990e+01, 2.370007e+01, 1.413643e+01, -4.548889e+00, 1.729064e+00, 2.746024e-01, -4.769585e-01, 2.463489e+02, 1.417836e+02, -2.844199e+01, 1.383205e+02, 8.124741e+01, -1.527955e+01, -2.409734e+02, -1.383247e+02, 2.646563e+01, -2.462120e-01, 4.408920e-01, -5.817789e-04
-3.100000e-02, -1.448834e+00, -1.069092e+00, 5.585298e-01, -3.958280e+01, -2.232698e+01, 7.567387e+00, -2.271326e+02, -1.329166e+02, 2.662883e+01, 4.091896e+01, 2.415093e+01, -8.212462e+00, 1.911682e+00, 2.634281e-01, -5.588961e-01, 3.952116e+02, 2.271482e+02, -4.612526e+01, 2.235041e+02, 1.315505e+02, -2.532429e+01, -3.896415e+02, -2.235103e+02, 4.386382e+01, -3.005817e-01, 5.420996e-01, -8.308761e-04
-3.000000e-02, -1.579687e+00, -1.186751e+00, 6.641154e-01, -7.440495e+01, -4.233534e+01, 1.497940e+01, -3.978239e+02, -2.336202e+02, 4.711591e+01, 7.582837e+01, 4.440202e+01, -1.574623e+01, 2.129959e+00, 2.363216e-01, -6.647864e-01, 6.930140e+02, 3.978404e+02, -8.161021e+01, 3.940232e+02, 2.323062e+02, -4.559997e+01, -6.872972e+02, -3.940302e+02, 7.898261e+01, -3.792325e-01, 6.738135e-01, -6.229239e-04
