mu, xxx, xxy, xxz, xyx, xyy, xyz, xzx, xzy, xzz, yxx, yxy, yxz, yyx, yyy, yyz, yzx, yzy, yzz, zxx, zxy, zxz, zyx, zyy, zyz, zzx, zzy, zzz
-3.400000e-02, 2.354394e-17, 2.047577e-17, -2.103569e-17, 3.211314e-16, 1.948398e-16, -1.025569e-17, 6.117957e-16, 4.083206e-16, -1.320731e-16, -3.491943e-16, -1.693189e-16, 6.625752e-17, -5.765080e-17, -1.474982e-16, -3.465799e-17, -1.138664e-15, -6.505849e-16, 1.862614e-16, -5.766331e-16, -3.280727e-16, 8.144893e-17, 1.111156e-15, 5.113332e-16, -1.771339e-16, 1.262055e-16, 9.778702e-17, -2.750246e-17
-3.300000e-02, 6.922098e-17, 1.747164e-17, -1.117644e-17, 3.591688e-16, 2.515904e-16, -3.328205e-17, 7.544343e-16, 4.321698e-16, -1.254553e-16, -2.533894e-16, -1.639250e-16, 3.900124e-17, -4.372299e-17, -1.080021e-16, 2.307755e-17, -1.284117e-15, -6.884449e-16, 2.165605e-16, -8.561669e-16, -4.725929e-16, 1.183467e-16, 1.224456e-15, 6.667202e-16, -1.753859e-16, -6.685041e-18, 4.104913e-17, -5.095219e-18
-3.200000e-02, 4.309120e-17, 2.341162e-17, -2.363564e-17, 3.435408e-16, 2.430562e-16, 2.669950e-18, 5.905236e-16, 3.511147e-16, -1.214385e-16, -2.496014e-16, -1.803880e-16, 5.667509e-17, -1.097786e-16, -2.274729e-16, -3.692775e-17, -9.703331e-16, -6.474965e-16, 2.266373e-16, -6.807845e-16, -3.150218e-16, 1.139157e-16, 1.100500e-15, 4.984622e-16, -1.923445e-16, -4.213943e-17, 6.511612e-19, 5.356156e-18
-3.100000e-02, -1.697554e-17, -3.211855e-18, -1.292863e-17, 3.082507e-16, 2.012305e-16, -1.688410e-17, 1.049289e-15, 5.779882e-16, -1.635901e-16, -3.904867e-16, -2.065099e-16, 5.442066e-17, 7.813091e-17, -6.398761e-17, 4.695750e-19, -1.483740e-15, -9.878777e-16, 2.658771e-16, -9.320331e-16, -4.742516e-16, 1.225941e-16, 1.468543e-15, 8.489353e-16, -2.288406e-16, 1.160175e-16, 5.253476e-17, -1.336103e-17
-3.000000e-02, 2.708714e-17, 2.776838e-17, -1.262108e-17, 2.937502e-16, 2.120927e-16, -1.506627e-17, 8.596004e-16, 5.776135e-16, -1.495554e-16, -3.923257e-16, -2.256543e-16, 4.644302e-17, 1.576533e-16, -1.002339e-16, -7.773086e-18, -1.407765e-15, -7.964464e-16, 2.436274e-16, -9.706032e-16, -5.439091e-16, 1.326881e-16, 1.385070e-15, 7.946401e-16, -2.198747e-16, 1.275164e-16, 6.929368e-17, -3.877371e-18
