mu, xxx, xxy, xxz, xyx, xyy, xyz, xzx, xzy, xzz, yxx, yxy, yxz, yyx, yyy, yyz, yzx, yzy, yzz, zxx, zxy, zxz, zyx, zyy, zyz, zzx, zzy, zzz
2.785322e-02, -1.998146e-09, -8.778790e-10, -5.599665e-11, 9.671742e-09, 4.626960e-09, 7.084388e-11, 1.263890e-08, 5.783920e-09, -6.105582e-10, -7.945032e-09, -4.658497e-09, 2.952549e-09, -1.404479e-09, 3.391932e-10, -2.851669e-09, -1.311787e-07, -7.237241e-08, 1.427525e-08, -3.113465e-08, -1.768609e-08, 4.200924e-09, 5.950088e-08, 3.414880e-08, -7.915027e-09, 8.392431e-09, 5.718591e-09, -7.339320e-10
