mu, xx, xy, xz, yx, yy, yz, zx, zy, zz
-3.400000e-02, 1.679944e+00, -2.759663e+00, 3.567279e-01, -2.759663e+00, 4.866611e+00, 2.060630e-01, 3.567279e-01, 2.060630e-01, 4.135271e+00
-3.300000e-02, 1.678674e+00, -2.758958e+00, 3.565150e-01, -2.758958e+00, 4.864541e+00, 2.059727e-01, 3.565150e-01, 2.059727e-01, 4.128164e+00
-3.200000e-02, 1.779021e+00, -2.924883e+00, 3.801075e-01, -2.924883e+00, 5.156524e+00, 2.198727e-01, 3.801075e-01, 2.198727e-01, 4.380149e+00
-3.100000e-02, 1.967097e+00, -3.234753e+00, 4.244578e-01, -3.234753e+00, 5.702386e+00, 2.456254e-01, 4.244578e-01, 2.456254e-01, 4.852442e+00
-3.000000e-02, 2.405780e+00, -3.955672e+00, 5.294102e-01, -3.955672e+00, 6.973113e+00, 3.040685e-01, 5.294102e-01, 3.040685e-01, 5.964884e+00
