mu, xx, xy, xz, yx, yy, yz, zx, zy, zz
-8.000000e-02, 6.043190e+04, 9.920496e+04, -1.422194e+04, 9.920496e+04, 1.749668e+05, 7.988810e+03, -1.422194e+04, 7.988810e+03, 1.538347e+05
-6.400000e-02, 2.509407e+04, 4.120861e+04, -5.863143e+03, 4.120861e+04, 7.272033e+04, 3.439276e+03, -5.863143e+03, 3.439276e+03, 6.417413e+04
