mu, xxx, xxy, xxz, xyx, xyy, xyz, xzx, xzy, xzz, yxx, yxy, yxz, yyx, yyy, yyz, yzx, yzy, yzz, zxx, zxy, zxz, zyx, zyy, zyz, zzx, zzy, zzz
-8.000000e-02, 0.000000e+00, 0.000000e+00, 0.000000e+00, 0.000000e+00, 0.000000e+00, 0.000000e+00, 0.000000e+00, 0.000000e+00, 0.000000e+00, 0.000000e+00, 0.000000e+00, 0.000000e+00, 0.000000e+00, 0.000000e+00, 0.000000e+00, 0.000000e+00, 0.000000e+00, 0.000000e+00, 0.000000e+00, 0.000000e+00, 0.000000e+00, 0.000000e+00, 0.000000e+00, 0.000000e+00, 0.000000e+00, 0.000000e+00, 0.000000e+00
-6.400000e-02, 2.574838e-05, -1.399495e-05, 8.210401e-04, -3.912411e+04, 2.258831e+04, -8.621125e+03, -1.837068e+05, 1.086741e+05, -2.222481e+04, 3.912411e+04, -2.258831e+04, 8.621125e+03, 1.479408e-05, -8.251075e-06, -7.507623e-04, -3.208090e+05, 1.837117e+05, -3.849747e+04, 1.837068e+05, -1.086741e+05, 2.222481e+04, 3.208090e+05, -1.837117e+05, 3.849748e+04, -3.034877e-04, 1.663754e-04, -1.405695e-03
