mu, xxx, xxy, xxz, xyx, xyy, xyz, xzx, xzy, xzz, yxx, yxy, yxz, yyx, yyy, yyz, yzx, yzy, yzz, zxx, zxy, zxz, zyx, zyy, zyz, zzx, zzy, zzz
-8.000000e-02, 0.000000e+00, 0.000000e+00, 0.000000e+00, 0.000000e+00, 0.000000e+00, 0.000000e+00, 0.000000e+00, 0.000000e+00, 0.000000e+00, 0.000000e+00, 0.000000e+00, 0.000000e+00, 0.000000e+00, 0.000000e+00, 0.000000e+00, 0.000000e+00, 0.000000e+00, 0.000000e+00, 0.000000e+00, 0.000000e+00, 0.000000e+00, 0.000000e+00, 0.000000e+00, 0.000000e+00, 0.000000e+00, 0.000000e+00, 0.000000e+00
-6.400000e-02, -9.566196e-06, 2.437295e-05, -1.580683e-04, 4.144676e+01, -2.392931e+01, -2.745563e+01, 1.785391e+02, -1.410420e+02, -1.078731e+02, -4.144682e+01, 2.392932e+01, 2.745539e+01, 3.532044e-05, -1.410896e-05, 1.890569e-04, 3.472018e+02, -1.785395e+02, -1.868426e+02, -1.785392e+02, 1.410420e+02, 1.078728e+02, -3.472019e+02, 1.785396e+02, 1.868419e+02, -1.619411e-04, -9.513078e-05, -3.921068e-05
