mu, xx, xy, xz, yx, yy, yz, zx, zy, zz
-3.060575e-01, 1.354759e+04, 1.354759e+04, 1.354759e+04, 1.354759e+04, 1.354759e+04, 1.354759e+04, 1.354759e+04, 1.354759e+04, 1.354759e+04
