mu, xx, xy, xz, yx, yy, yz, zx, zy, zz
-3.060575e-01, 7.967913e+03, 7.967913e+03, 7.967913e+03, 7.967913e+03, 7.967913e+03, 7.967913e+03, 7.967913e+03, 7.967913e+03, 7.967913e+03
