mu, xx, xy, xz, yx, yy, yz, zx, zy, zz
-5.605746e-02, 1.735869e+02, 5.339177e-02, -1.084238e-01, 5.339177e-02, 1.743959e+02, -2.637652e-01, -1.084238e-01, -2.637652e-01, 1.738032e+02
-5.558639e-02, 1.705934e+02, -1.270844e-02, 1.064330e-01, -1.270844e-02, 1.711369e+02, 4.735567e-02, 1.064330e-01, 4.735567e-02, 1.711602e+02
-5.511532e-02, 1.675205e+02, -9.022655e-02, 1.853709e-01, -9.022655e-02, 1.685333e+02, -8.405050e-02, 1.853709e-01, -8.405050e-02, 1.680129e+02
-5.464425e-02, 1.654986e+02, 1.296722e-01, -1.435133e-01, 1.296722e-01, 1.647488e+02, 4.721992e-02, -1.435133e-01, 4.721992e-02, 1.650773e+02
-5.417318e-02, 1.620195e+02, -1.065074e-01, 3.995470e-02, -1.065074e-01, 1.622636e+02, 1.476958e-01, 3.995470e-02, 1.476958e-01, 1.623763e+02
-5.370211e-02, 1.596242e+02, -2.742560e-01, 6.715748e-02, -2.742560e-01, 1.592599e+02, -1.816520e-01, 6.715748e-02, -1.816520e-01, 1.591757e+02
-5.323104e-02, 1.568105e+02, -5.403384e-01, 1.190852e-01, -5.403384e-01, 1.569142e+02, 1.536673e-01, 1.190852e-01, 1.536673e-01, 1.558150e+02
