mu, xxx, xxy, xxz, xyx, xyy, xyz, xzx, xzy, xzz, yxx, yxy, yxz, yyx, yyy, yyz, yzx, yzy, yzz, zxx, zxy, zxz, zyx, zyy, zyz, zzx, zzy, zzz
-5.605746e-02, 0.000000e+00, -1.889377e-15, -2.073325e-14, 1.889377e-15, 0.000000e+00, 2.728000e-14, 2.073325e-14, -2.728000e-14, 0.000000e+00, 0.000000e+00, 9.314428e-16, 9.789351e-15, -9.314428e-16, 0.000000e+00, 8.259398e-17, -9.789351e-15, -8.259398e-17, 0.000000e+00, 0.000000e+00, 1.149702e-14, -9.293867e-16, -1.149702e-14, 0.000000e+00, -1.715573e-15, 9.293867e-16, 1.715573e-15, 0.000000e+00
