mu, xxx, xxy, xxz, xyx, xyy, xyz, xzx, xzy, xzz, yxx, yxy, yxz, yyx, yyy, yyz, yzx, yzy, yzz, zxx, zxy, zxz, zyx, zyy, zyz, zzx, zzy, zzz
-5.605746e-02, 0.000000e+00, -5.671309e-22, -2.007158e-21, 5.671309e-22, 0.000000e+00, 3.611219e-22, 2.007158e-21, -3.611219e-22, 0.000000e+00, 0.000000e+00, 6.279985e-23, -1.319882e-22, -6.279985e-23, 0.000000e+00, -3.001076e-22, 1.319882e-22, 3.001076e-22, 0.000000e+00, 0.000000e+00, 2.536335e-22, -1.522188e-22, -2.536335e-22, 0.000000e+00, -5.837922e-22, 1.522188e-22, 5.837922e-22, 0.000000e+00
