mu, xxx, xxy, xxz, xyx, xyy, xyz, xzx, xzy, xzz, yxx, yxy, yxz, yyx, yyy, yyz, yzx, yzy, yzz, zxx, zxy, zxz, zyx, zyy, zyz, zzx, zzy, zzz
-3.060575e-01, 0.000000e+00, -8.947375e-14, -1.499861e-14, 8.947375e-14, 0.000000e+00, 9.230955e-03, 1.499861e-14, -9.230955e-03, 0.000000e+00, 0.000000e+00, 3.566069e-15, -9.230955e-03, -3.566069e-15, 0.000000e+00, -2.505588e-13, 9.230955e-03, 2.505588e-13, 0.000000e+00, 0.000000e+00, 9.230955e-03, 8.328155e-14, -9.230955e-03, 0.000000e+00, -1.496973e-13, -8.328155e-14, 1.496973e-13, 0.000000e+00
