mu, xxx, xxy, xxz, xyx, xyy, xyz, xzx, xzy, xzz, yxx, yxy, yxz, yyx, yyy, yyz, yzx, yzy, yzz, zxx, zxy, zxz, zyx, zyy, zyz, zzx, zzy, zzz
-3.060575e-01, 0.000000e+00, -1.830776e-13, -2.021298e-13, 1.830776e-13, 0.000000e+00, 8.438567e-03, 2.021298e-13, -8.438567e-03, 0.000000e+00, 0.000000e+00, -8.405411e-14, -8.438567e-03, 8.405411e-14, 0.000000e+00, -9.656357e-14, 8.438567e-03, 9.656357e-14, 0.000000e+00, 0.000000e+00, 8.438567e-03, 7.803710e-14, -8.438567e-03, 0.000000e+00, 9.762642e-14, -7.803710e-14, -9.762642e-14, 0.000000e+00
