mu, xxx, xxy, xxz, xyx, xyy, xyz, xzx, xzy, xzz, yxx, yxy, yxz, yyx, yyy, yyz, yzx, yzy, yzz, zxx, zxy, zxz, zyx, zyy, zyz, zzx, zzy, zzz
-5.605746e-02, 0.000000e+00, -2.750186e-15, 2.573793e-16, 2.750186e-15, 0.000000e+00, 2.434160e-01, -2.573793e-16, -2.434160e-01, 0.000000e+00, 0.000000e+00, -1.115452e-14, -2.434160e-01, 1.115452e-14, 0.000000e+00, 1.078777e-14, 2.434160e-01, -1.078777e-14, 0.000000e+00, 0.000000e+00, 2.434160e-01, 1.127291e-15, -2.434160e-01, 0.000000e+00, -5.821414e-15, -1.127291e-15, 5.821414e-15, 0.000000e+00
