mu, xxx, xxy, xxz, xyx, xyy, xyz, xzx, xzy, xzz, yxx, yxy, yxz, yyx, yyy, yyz, yzx, yzy, yzz, zxx, zxy, zxz, zyx, zyy, zyz, zzx, zzy, zzz
-5.605746e-02, 0.000000e+00, -7.608447e-22, -5.530224e-21, 7.608447e-22, 0.000000e+00, 2.216724e-21, 5.530224e-21, -2.216724e-21, 0.000000e+00, 0.000000e+00, 1.565617e-21, -1.322425e-21, -1.565617e-21, 0.000000e+00, -3.288818e-21, 1.322425e-21, 3.288818e-21, 0.000000e+00, 0.000000e+00, 1.217277e-20, 3.035924e-21, -1.217277e-20, 0.000000e+00, -1.949609e-21, -3.035924e-21, 1.949609e-21, 0.000000e+00
