mu, xxx, xxy, xxz, xyx, xyy, xyz, xzx, xzy, xzz, yxx, yxy, yxz, yyx, yyy, yyz, yzx, yzy, yzz, zxx, zxy, zxz, zyx, zyy, zyz, zzx, zzy, zzz
-5.605746e-02, 0.000000e+00, 2.112092e-21, 4.252651e-21, -2.112092e-21, 0.000000e+00, 5.054080e-04, -4.252651e-21, -5.054080e-04, 0.000000e+00, 0.000000e+00, 2.688286e-21, -5.054080e-04, -2.688286e-21, 0.000000e+00, 6.128536e-22, 5.054080e-04, -6.128536e-22, 0.000000e+00, 0.000000e+00, 5.054080e-04, 1.428393e-21, -5.054080e-04, 0.000000e+00, -6.769603e-21, -1.428393e-21, 6.769603e-21, 0.000000e+00
