mu, xxx, xxy, xxz, xyx, xyy, xyz, xzx, xzy, xzz, yxx, yxy, yxz, yyx, yyy, yyz, yzx, yzy, yzz, zxx, zxy, zxz, zyx, zyy, zyz, zzx, zzy, zzz
-3.060575e-01, 0.000000e+00, 8.198834e-15, -4.280259e-14, -8.198834e-15, 0.000000e+00, 5.084220e-03, 4.280259e-14, -5.084220e-03, 0.000000e+00, 0.000000e+00, 1.594337e-14, -5.084220e-03, -1.594337e-14, 0.000000e+00, 2.832845e-14, 5.084220e-03, -2.832845e-14, 0.000000e+00, 0.000000e+00, 5.084220e-03, 2.471473e-15, -5.084220e-03, 0.000000e+00, 5.062203e-14, -2.471473e-15, -5.062203e-14, 0.000000e+00
