mu, xxx, xxy, xxz, xyx, xyy, xyz, xzx, xzy, xzz, yxx, yxy, yxz, yyx, yyy, yyz, yzx, yzy, yzz, zxx, zxy, zxz, zyx, zyy, zyz, zzx, zzy, zzz
-5.605746e-02, 0.000000e+00, 5.658667e-20, -3.436373e-19, -5.658667e-20, 0.000000e+00, -1.206261e-18, 3.436373e-19, 1.206261e-18, 0.000000e+00, 0.000000e+00, -1.096439e-18, 7.678847e-21, 1.096439e-18, 0.000000e+00, -8.691627e-19, -7.678847e-21, 8.691627e-19, 0.000000e+00, 0.000000e+00, 1.209514e-18, 5.380925e-19, -1.209514e-18, 0.000000e+00, 3.274240e-19, -5.380925e-19, -3.274240e-19, 0.000000e+00
