mu, xxx, xxy, xxz, xyx, xyy, xyz, xzx, xzy, xzz, yxx, yxy, yxz, yyx, yyy, yyz, yzx, yzy, yzz, zxx, zxy, zxz, zyx, zyy, zyz, zzx, zzy, zzz
-5.605746e-02, 0.000000e+00, -5.548993e-19, -1.685831e-19, 5.548993e-19, 0.000000e+00, 2.803990e-03, 1.685831e-19, -2.803990e-03, 0.000000e+00, 0.000000e+00, 4.539631e-19, -2.803990e-03, -4.539631e-19, 0.000000e+00, -1.886864e-19, 2.803990e-03, 1.886864e-19, 0.000000e+00, 0.000000e+00, 2.803990e-03, 1.050466e-19, -2.803990e-03, 0.000000e+00, 1.164201e-19, -1.050466e-19, -1.164201e-19, 0.000000e+00
