mu, xxx, xxy, xxz, xyx, xyy, xyz, xzx, xzy, xzz, yxx, yxy, yxz, yyx, yyy, yyz, yzx, yzy, yzz, zxx, zxy, zxz, zyx, zyy, zyz, zzx, zzy, zzz
-5.605746e-02, 0.000000e+00, 2.043186e-23, 7.442445e-23, -2.043186e-23, 0.000000e+00, 1.069257e-04, -7.442445e-23, -1.069257e-04, 0.000000e+00, 0.000000e+00, -8.631781e-22, -1.069257e-04, 8.631781e-22, 0.000000e+00, -2.301540e-22, 1.069257e-04, 2.301540e-22, 0.000000e+00, 0.000000e+00, 1.069257e-04, 3.304674e-22, -1.069257e-04, 0.000000e+00, -5.916814e-22, -3.304674e-22, 5.916814e-22, 0.000000e+00
