mu, xxx, xxy, xxz, xyx, xyy, xyz, xzx, xzy, xzz, yxx, yxy, yxz, yyx, yyy, yyz, yzx, yzy, yzz, zxx, zxy, zxz, zyx, zyy, zyz, zzx, zzy, zzz
-8.000000e-02, 8.381463e-14, 2.972220e-12, -1.930474e-12, -5.186946e-12, 3.223399e-12, 2.884475e-12, -2.035404e-11, 3.884598e-11, -6.400722e-12, 3.789147e-13, -6.169695e-12, 3.949837e-12, 7.845527e-12, -3.720811e-12, -3.933939e-12, 3.124465e-11, -6.776293e-11, 7.414606e-12, 9.139622e-12, -1.543493e-12, 5.118285e-12, -1.173883e-11, 3.809172e-12, 1.867176e-12, -4.268236e-12, 1.110243e-11, -7.809570e-12
-6.400000e-02, 3.821483e-13, 1.546509e-12, -5.435707e-13, -2.564288e-12, 1.038909e-12, 9.751565e-13, -7.225456e-12, 1.693194e-11, -1.628559e-12, 7.231700e-14, -2.709517e-12, 1.558827e-12, 3.437504e-12, -1.380695e-12, -1.554565e-12, 1.310235e-11, -2.843894e-11, 2.761092e-12, 4.128246e-12, -4.860282e-13, 2.275617e-12, -4.882345e-12, 1.576169e-12, 6.777743e-13, 8.614397e-13, 5.690831e-12, -2.275567e-12
