mu, xxx, xxy, xxz, xyx, xyy, xyz, xzx, xzy, xzz, yxx, yxy, yxz, yyx, yyy, yyz, yzx, yzy, yzz, zxx, zxy, zxz, zyx, zyy, zyz, zzx, zzy, zzz
-8.000000e-02, 1.181616e-08, 7.023868e-09, -1.115298e-09, -2.802309e-08, -1.603440e-08, 3.655874e-09, -3.644879e-08, -2.119834e-08, 4.262742e-09, -1.123674e-08, -6.785538e-09, 3.181542e-10, 1.708338e-08, 9.551214e-09, -9.912474e-11, -9.776524e-09, -7.421392e-09, 1.535538e-09, 4.621593e-08, 2.723423e-08, -6.661595e-09, -8.014335e-08, -4.604801e-08, 1.135629e-08, 4.017624e-09, 5.103231e-10, -4.141106e-10
-6.400000e-02, -6.053681e-09, -3.618829e-09, 6.550947e-10, 9.774920e-09, 5.629279e-09, -8.149077e-10, -5.978991e-09, -3.746075e-09, 6.384532e-10, 3.899634e-09, 2.337340e-09, -3.736899e-10, 2.087897e-09, 1.014059e-09, -1.490714e-09, 4.474677e-08, 2.674846e-08, -5.306782e-09, 1.503682e-08, 9.029023e-09, -1.382411e-09, -2.472272e-08, -1.420758e-08, 2.039954e-09, 9.310814e-09, 6.133717e-09, -1.124560e-09
