mu, xxx, xxy, xxz, xyx, xyy, xyz, xzx, xzy, xzz, yxx, yxy, yxz, yyx, yyy, yyz, yzx, yzy, yzz, zxx, zxy, zxz, zyx, zyy, zyz, zzx, zzy, zzz
-8.000000e-02, 2.815612e-05, 1.883382e-05, 5.991834e-05, 9.073669e+04, 5.238685e+04, -1.998931e+04, 4.261588e+05, 2.521006e+05, -5.154093e+04, -9.073669e+04, -5.238685e+04, 1.998931e+04, 6.411295e-05, 3.488272e-05, -4.177648e-06, -7.441852e+05, -4.261581e+05, 8.927110e+04, -4.261588e+05, -2.521006e+05, 5.154093e+04, 7.441852e+05, 4.261581e+05, -8.927110e+04, 6.518979e-04, 3.925959e-04, -2.655913e-04
