mu, xxx, xxy, xxz, xyx, xyy, xyz, xzx, xzy, xzz, yxx, yxy, yxz, yyx, yyy, yyz, yzx, yzy, yzz, zxx, zxy, zxz, zyx, zyy, zyz, zzx, zzy, zzz
-5.134675e-02, -0.000000e+00, -2.240990e-08, -5.339368e-09, 2.240990e-08, -0.000000e+00, -3.361845e-08, 5.339368e-09, 3.361845e-08, -0.000000e+00, -0.000000e+00, 1.366525e-08, -1.169070e-08, -1.366525e-08, -0.000000e+00, -2.615864e-08, 1.169070e-08, 2.615864e-08, -0.000000e+00, -0.000000e+00, 2.096958e-08, 1.323101e-08, -2.096958e-08, -0.000000e+00, -1.366594e-08, -1.323101e-08, 1.366594e-08, -0.000000e+00
