mu, xxx, xxy, xxz, xyx, xyy, xyz, xzx, xzy, xzz, yxx, yxy, yxz, yyx, yyy, yyz, yzx, yzy, yzz, zxx, zxy, zxz, zyx, zyy, zyz, zzx, zzy, zzz
-8.000000e-02, -1.537701e-02, -8.898861e-03, 8.334059e-03, 2.083122e+06, 1.202691e+06, -4.589632e+05, 9.784526e+06, 5.788145e+06, -1.183983e+06, -2.083122e+06, -1.202691e+06, 4.589631e+05, 2.798132e-02, 1.614804e-02, -3.043594e-02, -1.708901e+07, -9.786066e+06, 2.051653e+06, -9.784526e+06, -5.788145e+06, 1.183982e+06, 1.708901e+07, 9.786066e+06, -2.051653e+06, -9.468402e-02, -5.364107e-02, 4.420812e-01
-6.400000e-02, -2.376032e-02, -1.385082e-02, -7.659747e-02, 2.881628e+06, 1.663709e+06, -6.351368e+05, 1.353055e+07, 8.004087e+06, -1.638229e+06, -2.881628e+06, -1.663709e+06, 6.351369e+05, 9.707248e-03, 5.560218e-03, 1.013979e-01, -2.362483e+07, -1.352882e+07, 2.836447e+06, -1.353055e+07, -8.004087e+06, 1.638230e+06, 2.362483e+07, 1.352882e+07, -2.836447e+06, 1.049850e-01, 6.237256e-02, -4.960581e-01
