mu, xx, xy, xz, yx, yy, yz, zx, zy, zz
-8.000000e-02, 6.031887e+04, -9.900120e+04, 1.425248e+04, -9.900120e+04, 1.746389e+05, 8.035770e+03, 1.425248e+04, 8.035770e+03, 1.541689e+05
-7.900000e-02, 5.782593e+04, -9.492524e+04, 1.346766e+04, -9.492524e+04, 1.673961e+05, 7.822491e+03, 1.346766e+04, 7.822491e+03, 1.470443e+05
-7.800000e-02, 5.511107e+04, -9.050364e+04, 1.284574e+04, -9.050364e+04, 1.596861e+05, 7.535265e+03, 1.284574e+04, 7.535265e+03, 1.408022e+05
-7.700000e-02, 5.262682e+04, -8.641148e+04, 1.230702e+04, -8.641148e+04, 1.524310e+05, 7.074607e+03, 1.230702e+04, 7.074607e+03, 1.343153e+05
-7.600000e-02, 5.022358e+04, -8.247512e+04, 1.151591e+04, -8.247512e+04, 1.454798e+05, 7.150034e+03, 1.151591e+04, 7.150034e+03, 1.279625e+05
-7.500000e-02, 4.777027e+04, -7.840430e+04, 1.122120e+04, -7.840430e+04, 1.382605e+05, 6.390961e+03, 1.122120e+04, 6.390961e+03, 1.220210e+05
-7.400000e-02, 4.544042e+04, -7.461466e+04, 1.040901e+04, -7.461466e+04, 1.316480e+05, 6.543643e+03, 1.040901e+04, 6.543643e+03, 1.158714e+05
-7.300000e-02, 4.314320e+04, -7.082988e+04, 1.014089e+04, -7.082988e+04, 1.249521e+05, 5.738170e+03, 1.014089e+04, 5.738170e+03, 1.100357e+05
