mu, xx, xy, xz, yx, yy, yz, zx, zy, zz
-8.000000e-02, 1.938876e-11, -3.232192e-11, 3.851144e-12, -3.216801e-11, 5.618675e-11, 6.286325e-12, 4.402067e-12, 5.409649e-12, 4.002293e-11
-6.400000e-02, 7.804187e-12, -1.326045e-11, 1.298173e-12, -1.317029e-11, 2.289469e-11, 2.717673e-12, 1.643321e-12, 2.223133e-12, 1.633813e-11
