mu, xxx, xxy, xxz, xyx, xyy, xyz, xzx, xzy, xzz, yxx, yxy, yxz, yyx, yyy, yyz, yzx, yzy, yzz, zxx, zxy, zxz, zyx, zyy, zyz, zzx, zzy, zzz
-5.134675e-02, -0.000000e+00, -4.375192e-09, 1.442198e-08, 4.375192e-09, -0.000000e+00, 6.276596e+04, -1.442198e-08, -6.276596e+04, -0.000000e+00, -0.000000e+00, 1.162320e-08, -6.276596e+04, -1.162320e-08, -0.000000e+00, 1.661530e-08, 6.276596e+04, -1.661530e-08, -0.000000e+00, -0.000000e+00, 6.276596e+04, -2.998756e-08, -6.276596e+04, -0.000000e+00, 1.453515e-08, 2.998756e-08, -1.453515e-08, -0.000000e+00
