mu, xxx, xxy, xxz, xyx, xyy, xyz, xzx, xzy, xzz, yxx, yxy, yxz, yyx, yyy, yyz, yzx, yzy, yzz, zxx, zxy, zxz, zyx, zyy, zyz, zzx, zzy, zzz
-8.000000e-02, -2.936482e-06, -5.264486e-06, 3.416299e-05, -9.495005e+01, -5.481944e+01, -6.289678e+01, -4.090205e+02, -3.231182e+02, -2.471264e+02, 9.495005e+01, 5.481943e+01, 6.289675e+01, 3.328331e-06, 7.318911e-07, -3.064985e-05, 7.954144e+02, 4.090205e+02, 4.280353e+02, 4.090206e+02, 3.231182e+02, 2.471263e+02, -7.954144e+02, -4.090205e+02, -4.280352e+02, -5.526924e-06, 3.057680e-05, -4.435167e-06
-6.400000e-02, -6.418333e-06, -4.124080e-06, 1.844624e-05, -9.370234e+01, -5.409907e+01, -6.207018e+01, -4.036464e+02, -3.188728e+02, -2.438792e+02, 9.370234e+01, 5.409907e+01, 6.207017e+01, 2.225318e-06, 1.145405e-06, -9.190227e-06, 7.849633e+02, 4.036463e+02, 4.224108e+02, 4.036464e+02, 3.188728e+02, 2.438791e+02, -7.849633e+02, -4.036463e+02, -4.224108e+02, 1.914268e-05, 2.220196e-05, -1.170643e-05
