mu, xxx, xxy, xxz, xyx, xyy, xyz, xzx, xzy, xzz, yxx, yxy, yxz, yyx, yyy, yyz, yzx, yzy, yzz, zxx, zxy, zxz, zyx, zyy, zyz, zzx, zzy, zzz
-8.000000e-02, 4.653466e-09, 3.608342e-10, 1.016370e-09, 1.057828e-09, 4.700776e-09, 1.097878e-09, 4.452743e-08, 2.666297e-08, 8.097533e-09, 9.207420e-09, 7.972549e-09, 2.852204e-10, -1.942631e-08, 5.350847e-10, -4.127547e-09, -4.731050e-09, 5.558462e-08, -2.011867e-08, -1.107399e-08, -1.735817e-08, -9.575860e-09, 3.271062e-08, 2.309529e-08, 1.508922e-08, 4.998389e-08, -6.283499e-10, -1.192248e-08
