mu, xxx, xxy, xxz, xyx, xyy, xyz, xzx, xzy, xzz, yxx, yxy, yxz, yyx, yyy, yyz, yzx, yzy, yzz, zxx, zxy, zxz, zyx, zyy, zyz, zzx, zzy, zzz
-5.549122e-02, -0.000000e+00, 9.685691e-09, -3.579563e-08, -9.685691e-09, -0.000000e+00, 7.234920e-10, 3.579563e-08, -7.234920e-10, -0.000000e+00, -0.000000e+00, 1.006628e-10, -2.086809e-09, -1.006628e-10, -0.000000e+00, 1.362159e-09, 2.086809e-09, -1.362159e-09, -0.000000e+00, -0.000000e+00, 5.313623e-09, -1.383623e-09, -5.313623e-09, -0.000000e+00, 6.452541e-09, 1.383623e-09, -6.452541e-09, -0.000000e+00
-5.492499e-02, -0.000000e+00, 1.087326e-09, -2.561739e-10, -1.087326e-09, -0.000000e+00, 3.077094e-08, 2.561739e-10, -3.077094e-08, -0.000000e+00, -0.000000e+00, -3.377668e-09, 2.179288e-08, 3.377668e-09, -0.000000e+00, 1.101447e-08, -2.179288e-08, -1.101447e-08, -0.000000e+00, -0.000000e+00, 4.974386e-09, 1.533131e-09, -4.974386e-09, -0.000000e+00, 3.399873e-09, -1.533131e-09, -3.399873e-09, -0.000000e+00
-5.435875e-02, -0.000000e+00, -2.022438e-08, 2.990469e-08, 2.022438e-08, -0.000000e+00, -4.812836e-08, -2.990469e-08, 4.812836e-08, -0.000000e+00, -0.000000e+00, 2.944582e-09, -2.933395e-08, -2.944582e-09, -0.000000e+00, -8.763979e-09, 2.933395e-08, 8.763979e-09, -0.000000e+00, -0.000000e+00, -6.508483e-09, -2.151822e-08, 6.508483e-09, -0.000000e+00, 6.931249e-09, 2.151822e-08, -6.931249e-09, -0.000000e+00
-5.379251e-02, -0.000000e+00, 2.925310e-10, -2.294635e-08, -2.925310e-10, -0.000000e+00, -7.327606e-09, 2.294635e-08, 7.327606e-09, -0.000000e+00, -0.000000e+00, -7.568283e-09, 1.771443e-08, 7.568283e-09, -0.000000e+00, -7.135047e-09, -1.771443e-08, 7.135047e-09, -0.000000e+00, -0.000000e+00, -3.385519e-09, -7.697182e-09, 3.385519e-09, -0.000000e+00, -1.436050e-09, 7.697182e-09, 1.436050e-09, -0.000000e+00
