mu, xxx, xxy, xxz, xyx, xyy, xyz, xzx, xzy, xzz, yxx, yxy, yxz, yyx, yyy, yyz, yzx, yzy, yzz, zxx, zxy, zxz, zyx, zyy, zyz, zzx, zzy, zzz
-8.000000e-02, 1.043297e-09, 1.002308e-09, 6.267683e-10, -1.837449e-09, -8.516071e-10, -7.595293e-10, 8.479113e-10, 2.498941e-09, 1.231696e-09, -1.565707e-09, -1.505597e-09, -7.981789e-10, 3.132164e-09, 1.291266e-09, 1.317341e-09, 1.799826e-10, -3.596375e-09, -3.743834e-10, 1.618865e-09, 1.372998e-09, 1.529000e-09, -1.398105e-09, -1.428018e-09, -6.209311e-10, 6.337007e-09, 2.758954e-09, 7.134886e-09
