mu, xxx, xxy, xxz, xyx, xyy, xyz, xzx, xzy, xzz, yxx, yxy, yxz, yyx, yyy, yyz, yzx, yzy, yzz, zxx, zxy, zxz, zyx, zyy, zyz, zzx, zzy, zzz
-8.000000e-02, -1.139695e-06, -6.753466e-07, 7.551483e-08, 1.614407e-06, 9.213939e-07, -5.114469e-08, -1.723626e-06, -1.211033e-06, 1.840232e-07, 1.715771e-06, 1.022460e-06, -6.121273e-08, -2.709201e-06, -1.628534e-06, 4.915577e-08, 1.228074e-06, 1.103718e-06, -1.067323e-07, -1.821138e-06, -1.052140e-06, 3.434340e-07, 1.482185e-06, 6.118545e-07, -3.007886e-07, -6.845549e-06, -3.846467e-06, 8.247187e-07
