mu, xxx, xxy, xxz, xyx, xyy, xyz, xzx, xzy, xzz, yxx, yxy, yxz, yyx, yyy, yyz, yzx, yzy, yzz, zxx, zxy, zxz, zyx, zyy, zyz, zzx, zzy, zzz
-8.000000e-02, -5.985933e-07, -2.201379e-06, 1.676139e-05, -9.615978e+01, -5.551787e+01, -6.369808e+01, -4.142320e+02, -3.272353e+02, -2.502749e+02, 9.615977e+01, 5.551787e+01, 6.369807e+01, -1.870732e-07, -6.463810e-07, -1.248030e-05, 8.055491e+02, 4.142320e+02, 4.334887e+02, 4.142320e+02, 3.272353e+02, 2.502749e+02, -8.055491e+02, -4.142320e+02, -4.334887e+02, 3.865756e-06, 1.732653e-05, -5.474106e-06
