mu, xx, xy, xz, yx, yy, yz, zx, zy, zz
-8.000000e-02, 1.884422e+06, -3.095668e+06, 4.403412e+05, -3.095668e+06, 5.462934e+06, 2.547576e+05, 4.403412e+05, 2.547576e+05, 4.812019e+06
