mu, xxx, xxy, xxz, xyx, xyy, xyz, xzx, xzy, xzz, yxx, yxy, yxz, yyx, yyy, yyz, yzx, yzy, yzz, zxx, zxy, zxz, zyx, zyy, zyz, zzx, zzy, zzz
-8.000000e-02, 3.806146e-02, 2.263084e-02, 5.177844e-01, 1.301323e+06, 7.513193e+05, -2.851466e+05, 6.138151e+06, 3.631528e+06, -7.356962e+05, -1.301324e+06, -7.513196e+05, 2.851469e+05, -3.280285e-01, -1.891685e-01, -9.507574e-03, -1.065792e+07, -6.102740e+06, 1.252761e+06, -6.138152e+06, -3.631529e+06, 7.357000e+05, 1.065792e+07, 6.102740e+06, -1.252758e+06, 2.173765e+00, 1.240081e+00, -1.016660e+01
