mu, xx, xy, xz, yx, yy, yz, zx, zy, zz
-8.000000e-02, 1.888029e-11, -3.053064e-11, 1.633304e-12, -3.042245e-11, 5.133291e-11, 9.305183e-12, 2.147784e-12, 8.379046e-12, 4.062600e-11
-7.900000e-02, 2.004459e-11, -3.322973e-11, 1.318019e-12, -3.311061e-11, 5.613704e-11, 9.869188e-12, 1.774864e-12, 9.103273e-12, 3.365428e-11
-7.800000e-02, 1.982967e-11, -3.275745e-11, 3.714379e-12, -3.263460e-11, 5.557257e-11, 5.543067e-12, 4.187472e-12, 4.764411e-12, 4.085971e-11
-7.700000e-02, 1.721178e-11, -2.836761e-11, 2.842085e-12, -2.830249e-11, 4.896812e-11, 6.518148e-12, 3.296205e-12, 5.707705e-12, 3.520316e-11
-7.600000e-02, 1.643361e-11, -2.774533e-11, 3.676085e-12, -2.764080e-11, 4.816083e-11, 4.283775e-12, 4.300579e-12, 3.366794e-12, 3.589275e-11
-7.500000e-02, 1.685783e-11, -2.829062e-11, 1.407535e-12, -2.817082e-11, 4.843506e-11, 6.490989e-12, 1.882157e-12, 5.721158e-12, 3.003791e-11
-7.400000e-02, 1.452903e-11, -2.457080e-11, 3.405569e-12, -2.447817e-11, 4.267973e-11, 4.139592e-12, 3.740079e-12, 3.607744e-12, 2.983723e-11
-7.300000e-02, 1.452887e-11, -2.506530e-11, 1.500404e-12, -2.501667e-11, 4.378470e-11, 5.674578e-12, 1.758490e-12, 5.309328e-12, 2.610083e-11
