mu, xxx, xxy, xxz, xyx, xyy, xyz, xzx, xzy, xzz, yxx, yxy, yxz, yyx, yyy, yyz, yzx, yzy, yzz, zxx, zxy, zxz, zyx, zyy, zyz, zzx, zzy, zzz
-8.000000e-02, 2.913161e-02, 3.013263e-02, -1.576051e-01, -1.390674e+03, -8.028985e+02, -9.208755e+02, -5.992459e+03, -4.734411e+03, -3.619013e+03, 1.390441e+03, 8.027792e+02, 9.214457e+02, -1.443734e-01, -7.891621e-02, 3.817280e-01, 1.164963e+04, 5.989989e+03, 6.262142e+03, 5.992057e+03, 4.734297e+03, 3.619478e+03, -1.164930e+04, -5.989733e+03, -6.263446e+03, 7.120317e-01, 1.073242e-01, -2.835886e-01
