mu, xxx, xxy, xxz, xyx, xyy, xyz, xzx, xzy, xzz, yxx, yxy, yxz, yyx, yyy, yyz, yzx, yzy, yzz, zxx, zxy, zxz, zyx, zyy, zyz, zzx, zzy, zzz
-8.000000e-02, -6.149847e-03, -4.036912e-03, 1.640320e-02, -2.207242e+03, -1.274352e+03, -1.462122e+03, -9.508287e+03, -7.511321e+03, -5.744965e+03, 2.207258e+03, 1.274361e+03, 1.462087e+03, 1.110751e-02, 6.250826e-03, -2.614890e-02, 1.849073e+04, 9.508395e+03, 9.950840e+03, 9.508317e+03, 7.511329e+03, 5.744925e+03, -1.849076e+04, -9.508418e+03, -9.950749e+03, -3.447114e-02, 1.411536e-03, 1.233148e-02
-6.400000e-02, -1.179929e-02, -9.597367e-03, 4.493009e-02, -3.051492e+03, -1.761782e+03, -2.021426e+03, -1.314481e+04, -1.038402e+04, -7.942399e+03, 3.051500e+03, 1.761783e+03, 2.021393e+03, 8.159294e-03, 3.782422e-03, -3.399447e-02, 2.556213e+04, 1.314469e+04, 1.375634e+04, 1.314483e+04, 1.038402e+04, 7.942312e+03, -2.556217e+04, -1.314472e+04, -1.375621e+04, 1.254584e-02, 4.368178e-02, -1.383712e-02
