mu, xxx, xxy, xxz, xyx, xyy, xyz, xzx, xzy, xzz, yxx, yxy, yxz, yyx, yyy, yyz, yzx, yzy, yzz, zxx, zxy, zxz, zyx, zyy, zyz, zzx, zzy, zzz
-8.000000e-02, -7.763601e-10, -4.923647e-10, -1.803222e-09, 1.104345e-09, 5.554874e-10, 3.102202e-09, -3.429901e-10, -6.107395e-09, -7.346890e-10, 2.121885e-09, 1.339010e-09, 3.333059e-09, -2.306733e-09, -3.815374e-09, -5.859689e-09, 3.372873e-09, 1.229718e-08, 9.858887e-10, -7.328684e-09, -4.083305e-09, 1.003106e-09, 4.939283e-09, -4.741824e-09, -2.328408e-09, -1.496058e-09, -4.144333e-10, 3.848601e-10
-6.400000e-02, -7.143402e-10, -4.292674e-10, -6.948759e-10, 8.877247e-10, 4.852341e-10, 1.257487e-09, -1.425776e-09, -3.271698e-09, -1.460623e-10, 1.005586e-09, 6.351878e-10, 1.386126e-09, -1.226156e-09, -1.734324e-09, -2.441761e-09, 1.498332e-09, 5.157733e-09, 3.928767e-10, -3.330063e-09, -1.853265e-09, 4.865321e-10, 2.102824e-09, -1.884166e-09, -9.786845e-10, -2.802938e-09, -1.402680e-09, 4.200651e-10
