mu, xxx, xxy, xxz, xyx, xyy, xyz, xzx, xzy, xzz, yxx, yxy, yxz, yyx, yyy, yyz, yzx, yzy, yzz, zxx, zxy, zxz, zyx, zyy, zyz, zzx, zzy, zzz
-8.000000e-02, -3.189363e-06, -1.843327e-06, 6.951598e-07, -2.446442e-06, -1.414424e-06, 5.543081e-07, -3.770228e-05, -2.183291e-05, 4.505582e-06, -9.284173e-06, -5.847401e-06, -1.342156e-06, 1.421134e-05, 7.923066e-06, 2.874415e-06, -9.240645e-06, -9.347869e-06, 1.431324e-06, 1.518339e-05, 9.204951e-06, -2.313552e-07, -3.219963e-05, -1.833852e-05, 1.611030e-06, -2.696276e-05, -1.353761e-05, 3.140255e-06
