mu, xxx, xxy, xxz, xyx, xyy, xyz, xzx, xzy, xzz, yxx, yxy, yxz, yyx, yyy, yyz, yzx, yzy, yzz, zxx, zxy, zxz, zyx, zyy, zyz, zzx, zzy, zzz
-8.000000e-02, -1.073191e-05, -6.241088e-06, -2.587708e-05, 8.959663e+04, 5.172864e+04, -1.973835e+04, 4.208003e+05, 2.489307e+05, -5.089362e+04, -8.959663e+04, -5.172864e+04, 1.973835e+04, 1.362755e-06, 7.693343e-07, 3.506330e-05, -7.348281e+05, -4.207998e+05, 8.815000e+04, -4.208003e+05, -2.489307e+05, 5.089362e+04, 7.348281e+05, 4.207998e+05, -8.815000e+04, 3.050661e-05, 1.827193e-05, -1.587426e-04
-6.400000e-02, -2.873398e-05, -1.647156e-05, 1.433461e-04, 8.841672e+04, 5.104742e+04, -1.947806e+04, 4.152683e+05, 2.456581e+05, -5.022377e+04, -8.841672e+04, -5.104742e+04, 1.947806e+04, 1.466117e-05, 8.487131e-06, -1.215055e-04, -7.251661e+05, -4.152668e+05, 8.698924e+04, -4.152683e+05, -2.456581e+05, 5.022377e+04, 7.251661e+05, 4.152668e+05, -8.698924e+04, 8.831259e-05, 5.048547e-05, -4.195834e-04
