mu, xx, xy, xz, yx, yy, yz, zx, zy, zz
-8.000000e-02, 8.615677e-10, -1.826220e-09, -5.604871e-10, -1.828128e-09, 3.722933e-09, 1.244470e-09, -5.618623e-10, 1.244837e-09, 3.408188e-09
