mu, xxx, xxy, xxz, xyx, xyy, xyz, xzx, xzy, xzz, yxx, yxy, yxz, yyx, yyy, yyz, yzx, yzy, yzz, zxx, zxy, zxz, zyx, zyy, zyz, zzx, zzy, zzz
-8.000000e-02, -8.363869e-12, -1.308492e-11, -9.063992e-12, 2.811024e-11, 2.251157e-11, 1.543531e-11, 4.854219e-11, 2.910928e-11, -7.364956e-12, 6.477953e-12, 1.448236e-11, 8.284022e-12, -1.671740e-11, -1.644002e-11, -5.949220e-12, -1.262537e-11, 1.816393e-11, 4.032659e-11, -5.069194e-11, -2.818608e-11, -2.432593e-11, 9.355007e-11, 3.366469e-11, 5.174464e-11, -3.244362e-11, 6.126692e-12, 5.118333e-11
-6.400000e-02, 6.310816e-12, 4.252869e-12, 3.312674e-12, -9.523286e-12, -4.622975e-12, -5.316679e-12, 5.633379e-12, 6.650870e-12, 1.291660e-12, -6.582164e-12, 4.900386e-13, 1.814101e-13, -9.959594e-13, -8.519999e-12, -1.306420e-12, -5.227822e-11, -4.190173e-11, 1.768302e-12, -1.110318e-11, -1.544408e-11, -1.081232e-11, 2.492994e-11, 1.868143e-11, 1.196308e-11, 4.510628e-12, -8.243590e-12, -3.121382e-11
