mu, xxx, xxy, xxz, xyx, xyy, xyz, xzx, xzy, xzz, yxx, yxy, yxz, yyx, yyy, yyz, yzx, yzy, yzz, zxx, zxy, zxz, zyx, zyy, zyz, zzx, zzy, zzz
-5.549122e-02, -0.000000e+00, 5.673855e-09, 2.085434e-08, -5.673855e-09, -0.000000e+00, -2.056790e+03, -2.085434e-08, 2.056790e+03, -0.000000e+00, -0.000000e+00, 2.889731e-08, 2.056790e+03, -2.889731e-08, -0.000000e+00, 4.353531e-08, -2.056790e+03, -4.353531e-08, -0.000000e+00, -0.000000e+00, -2.056790e+03, 7.994047e-09, 2.056790e+03, -0.000000e+00, 3.009946e-09, -7.994047e-09, -3.009946e-09, -0.000000e+00
-5.492499e-02, -0.000000e+00, -3.492326e-09, -2.526734e-08, 3.492326e-09, -0.000000e+00, -2.152955e+03, 2.526734e-08, 2.152955e+03, -0.000000e+00, -0.000000e+00, -2.992818e-09, 2.152955e+03, 2.992818e-09, -0.000000e+00, -2.166519e-08, -2.152955e+03, 2.166519e-08, -0.000000e+00, -0.000000e+00, -2.152955e+03, -1.750116e-09, 2.152955e+03, -0.000000e+00, 1.019451e-08, 1.750116e-09, -1.019451e-08, -0.000000e+00
-5.435875e-02, -0.000000e+00, 7.073985e-09, -6.054090e-09, -7.073985e-09, -0.000000e+00, -2.070319e+03, 6.054090e-09, 2.070319e+03, -0.000000e+00, -0.000000e+00, -5.224473e-09, 2.070319e+03, 5.224473e-09, -0.000000e+00, 1.861814e-08, -2.070319e+03, -1.861814e-08, -0.000000e+00, -0.000000e+00, -2.070319e+03, -4.568868e-09, 2.070319e+03, -0.000000e+00, 1.507378e-09, 4.568868e-09, -1.507378e-09, -0.000000e+00
-5.379251e-02, -0.000000e+00, -1.091204e-08, 1.254889e-08, 1.091204e-08, -0.000000e+00, -2.086494e+03, -1.254889e-08, 2.086494e+03, -0.000000e+00, -0.000000e+00, 1.302051e-08, 2.086494e+03, -1.302051e-08, -0.000000e+00, 2.695520e-08, -2.086494e+03, -2.695520e-08, -0.000000e+00, -0.000000e+00, -2.086494e+03, -5.089393e-09, 2.086494e+03, -0.000000e+00, -1.722763e-08, 5.089393e-09, 1.722763e-08, -0.000000e+00
