# mu, xxx, xxy, xxz, xyx, xyy, xyz, xzx, xzy, xzz, yxx, yxy, yxz, yyx, yyy, yyz, yzx, yzy, yzz, zxx, zxy, zxz, zyx, zyy, zyz, zzx, zzy, zzz
-2.379713e-01, -1.816224e+07, -5.440262e+04, 9.160663e+02, -3.973006e+04, 1.820045e+07, -2.920254e+09, 5.906876e+04, -7.415634e+04, 8.841539e+05, 3.970977e+04, 1.715737e+07, 2.916055e+09, 1.717287e+07, -7.642353e+04, 1.346718e+05, -6.308621e+04, -7.080014e+04, -9.358142e+05, -1.304332e+05, 1.359943e+05, -9.471315e+05, 1.369878e+05, 1.304333e+05, 8.766821e+05, -2.536878e+02, -1.579734e+03, -3.135850e-01
-2.291782e-01, -1.582477e+07, -3.124240e+05, -1.067590e+06, -2.991910e+05, 1.586107e+07, -2.917672e+09, 5.169684e+04, -6.794575e+04, 3.461924e+05, 2.997282e+05, 1.583699e+07, 2.917383e+09, 1.585156e+07, -3.332828e+05, 1.199452e+06, -5.846584e+04, -6.310586e+04, -4.348979e+05, -1.199722e+05, 1.308468e+05, -8.662355e+05, 1.303776e+05, 1.199722e+05, 7.737151e+05, 1.973966e+01, -1.193879e+03, -3.031884e-01
-2.203851e-01, -1.347909e+07, -8.277625e+04, -1.427983e+05, -6.929591e+04, 1.351769e+07, -2.794739e+09, 5.276401e+04, -6.978089e+04, -1.620818e+05, 6.744406e+04, 1.173396e+07, 2.786867e+09, 1.174932e+07, -1.022270e+05, 2.512683e+05, -6.121172e+04, -6.214902e+04, -4.291278e+04, -1.248433e+05, 1.399011e+05, -7.695306e+05, 1.398596e+05, 1.248434e+05, 6.755732e+05, -1.372015e+02, -1.067849e+03, 2.129578e-02
-2.115920e-01, -1.048599e+07, 2.149434e+05, 1.166940e+06, 2.272469e+05, 1.051899e+07, -2.432465e+09, 4.811653e+04, -5.597316e+04, -1.741748e+05, -2.306663e+05, 1.008182e+07, 2.430287e+09, 1.009426e+07, 1.983335e+05, -1.085650e+06, -4.846664e+04, -5.514991e+04, -1.334983e+04, -1.163704e+05, 1.185341e+05, -4.522591e+05, 1.183012e+05, 1.163705e+05, 4.634367e+05, -4.894309e+01, -8.727258e+02, -2.414503e-01
