damping, xx, xy, xz, yx, yy, yz, zx, zy, zz
1.000000e-05, 1.463314e+06, -4.499627e+02, 4.331081e+02, -4.499627e+02, 1.464133e+06, -7.329765e+02, 4.331081e+02, -7.329765e+02, 1.736156e+05
5.000000e-05, 2.926900e+05, 8.541568e+01, -2.038315e+02, 8.541568e+01, 2.935041e+05, -1.518333e+02, -2.038315e+02, -1.518333e+02, 3.474566e+04
1.000000e-04, 1.463898e+05, -1.752057e+02, 1.767083e+02, -1.752057e+02, 1.468453e+05, 6.172962e+01, 1.767083e+02, 6.172962e+01, 1.737447e+04
2.000000e-04, 7.337495e+04, 2.864823e+01, 3.244753e+01, 2.864823e+01, 7.330675e+04, -2.317324e+00, 3.244753e+01, -2.317324e+00, 8.701028e+03
3.000000e-04, 4.896275e+04, -1.069502e+01, -3.732546e+00, -1.069502e+01, 4.893003e+04, 2.331724e+01, -3.732546e+00, 2.331724e+01, 5.815242e+03
4.000000e-04, 3.678410e+04, 1.785523e+01, 1.911215e+01, 1.785523e+01, 3.677085e+04, -9.513517e+00, 1.911215e+01, -9.513517e+00, 4.365768e+03
5.000000e-04, 2.946857e+04, -1.328189e+00, -1.015103e+01, -1.328189e+00, 2.947045e+04, -9.495917e+00, -1.015103e+01, -9.495917e+00, 3.493201e+03
