damping, xx, xy, xz, yx, yy, yz, zx, zy, zz
1.000000e-05, 2.109990e+06, -6.040087e+02, 7.883035e+02, -6.040087e+02, 2.110773e+06, -1.641140e+03, 7.883035e+02, -1.641140e+03, 2.556826e+05
5.000000e-05, 4.216283e+05, 9.157258e+01, -3.532609e+02, 9.157258e+01, 4.229147e+05, -3.126866e+02, -3.532609e+02, -3.126866e+02, 5.112559e+04
1.000000e-04, 2.108888e+05, -2.950095e+02, 2.994963e+02, -2.950095e+02, 2.114903e+05, 8.325263e+01, 2.994963e+02, 8.325263e+01, 2.555218e+04
2.000000e-04, 1.055888e+05, 2.013654e+01, 5.287233e+01, 2.013654e+01, 1.055067e+05, 1.034713e+01, 5.287233e+01, 1.034713e+01, 1.278687e+04
3.000000e-04, 7.035751e+04, -2.154079e+01, -9.825300e+00, -2.154079e+01, 7.030344e+04, 3.638428e+01, -9.825300e+00, 3.638428e+01, 8.532136e+03
4.000000e-04, 5.279287e+04, 9.054107e+00, 3.756297e+01, 9.054107e+00, 5.274329e+04, -1.691126e+01, 3.756297e+01, -1.691126e+01, 6.399655e+03
5.000000e-04, 4.225197e+04, -9.130515e+00, -1.164286e+01, -9.130515e+00, 4.226495e+04, -2.062054e+01, -1.164286e+01, -2.062054e+01, 5.115283e+03
