damping, xx, xy, xz, yx, yy, yz, zx, zy, zz
1.000000e-05, 2.113422e+06, -1.024765e+03, -2.315656e+03, -1.024765e+03, 2.111925e+06, -1.505682e+03, -2.315656e+03, -1.505682e+03, 2.553580e+05
5.000000e-05, 4.216178e+05, 1.922530e+02, -3.357914e+01, 1.922530e+02, 4.225854e+05, -4.986562e+01, -3.357914e+01, -4.986562e+01, 5.113098e+04
1.000000e-04, 2.111616e+05, -3.214219e+02, 2.805956e+02, -3.214219e+02, 2.107362e+05, 1.531180e+01, 2.805956e+02, 1.531180e+01, 2.559190e+04
2.000000e-04, 1.055929e+05, -6.085153e+01, 4.333640e+01, -6.085153e+01, 1.054256e+05, -7.351312e+01, 4.333640e+01, -7.351312e+01, 1.279050e+04
3.000000e-04, 7.028871e+04, 3.290309e+01, 4.023569e+01, 3.290309e+01, 7.044330e+04, -1.403232e+01, 4.023569e+01, -1.403232e+01, 8.527776e+03
4.000000e-04, 5.284554e+04, -3.604323e+01, -9.106541e+00, -3.604323e+01, 5.281727e+04, 3.379984e+01, -9.106541e+00, 3.379984e+01, 6.388640e+03
5.000000e-04, 4.224813e+04, -1.773851e+01, -1.414801e+00, -1.773851e+01, 4.222069e+04, 1.478207e+01, -1.414801e+00, 1.478207e+01, 5.118538e+03
