damping, xx, xy, xz, yx, yy, yz, zx, zy, zz
1.000000e-05, 9.081238e+06, -5.743483e+03, 1.210579e+04, -5.743483e+03, 9.101200e+06, -1.053930e+03, 1.210579e+04, -1.053930e+03, 1.080746e+06
5.000000e-05, 1.827980e+06, 3.416948e+03, 1.766095e+02, 3.416948e+03, 1.826083e+06, 1.244654e+03, 1.766095e+02, 1.244654e+03, 2.164766e+05
1.000000e-04, 9.170901e+05, -4.145260e+02, 7.331229e+02, -4.145260e+02, 9.097463e+05, 5.624858e+02, 7.331229e+02, 5.624858e+02, 1.083495e+05
2.000000e-04, 4.567234e+05, 2.698525e+02, 2.400589e+02, 2.698525e+02, 4.572555e+05, 1.055585e+02, 2.400589e+02, 1.055585e+02, 5.427192e+04
3.000000e-04, 3.054247e+05, -5.441691e+02, -4.918523e+01, -5.441691e+02, 3.053640e+05, 1.931643e+02, -4.918523e+01, 1.931643e+02, 3.620429e+04
4.000000e-04, 2.287923e+05, 1.717646e+01, 1.137547e+02, 1.717646e+01, 2.293839e+05, -9.416209e+01, 1.137547e+02, -9.416209e+01, 2.722158e+04
5.000000e-04, 1.835275e+05, 3.848357e+02, -1.593458e+02, 3.848357e+02, 1.833564e+05, -7.707466e+01, -1.593458e+02, -7.707466e+01, 2.179119e+04
