mu, xxx, xxy, xxz, xyx, xyy, xyz, xzx, xzy, xzz, yxx, yxy, yxz, yyx, yyy, yyz, yzx, yzy, yzz, zxx, zxy, zxz, zyx, zyy, zyz, zzx, zzy, zzz
-8.000000e-02, 2.845732e-06, 2.634387e-06, -2.729788e-05, 9.487909e+01, -5.477847e+01, -6.284981e+01, 4.087147e+02, -3.228766e+02, -2.469415e+02, -9.487910e+01, 5.477847e+01, 6.284976e+01, 4.787843e-06, -1.338455e-06, 3.794332e-05, 7.948198e+02, -4.087148e+02, -4.277155e+02, -4.087147e+02, 3.228766e+02, 2.469414e+02, -7.948199e+02, 4.087148e+02, 4.277154e+02, -4.416738e-05, -1.271502e-05, -1.352592e-05
-6.400000e-02, 2.356084e-06, 3.134862e-06, -2.985751e-05, 9.379234e+01, -5.415103e+01, -6.212993e+01, 4.040331e+02, -3.191783e+02, -2.441130e+02, -9.379234e+01, 5.415103e+01, 6.212989e+01, -5.501041e-07, 1.816179e-06, 2.816592e-05, 7.857156e+02, -4.040331e+02, -4.228161e+02, -4.040331e+02, 3.191783e+02, 2.441129e+02, -7.857156e+02, 4.040331e+02, 4.228160e+02, -9.833319e-06, -2.711039e-05, 2.116813e-06
