mu, xxx, xxy, xxz, xyx, xyy, xyz, xzx, xzy, xzz, yxx, yxy, yxz, yyx, yyy, yyz, yzx, yzy, yzz, zxx, zxy, zxz, zyx, zyy, zyz, zzx, zzy, zzz
-8.000000e-02, 2.505596e-09, -1.212667e-09, 1.547184e-09, 2.668044e-10, 8.276450e-11, 1.765092e-09, -2.497581e-08, 1.284451e-08, -2.862298e-09, -1.639354e-08, 1.012687e-08, 3.162832e-10, -2.712594e-08, 1.582814e-08, 8.718072e-10, -3.091683e-09, -1.659895e-09, -1.085607e-10, 7.922090e-09, -5.036513e-09, -1.702217e-09, 1.993797e-08, -1.145117e-08, -1.627151e-09, 3.077690e-08, -1.378566e-08, 3.534192e-09
-6.400000e-02, -7.343684e-09, 4.659096e-09, 7.807896e-10, -3.555918e-09, 2.312729e-09, 3.382240e-09, 3.465081e-08, -2.300872e-08, 4.330120e-09, 4.034296e-11, 3.742186e-12, -5.938618e-10, 2.077470e-08, -1.120017e-08, 3.400535e-09, 8.197089e-08, -4.722572e-08, 9.896314e-09, -3.535503e-08, 2.102080e-08, -4.070374e-09, -6.861698e-08, 3.919985e-08, -8.448289e-09, -2.944604e-08, 1.757233e-08, -3.499979e-09
