mu, xxx, xxy, xxz, xyx, xyy, xyz, xzx, xzy, xzz, yxx, yxy, yxz, yyx, yyy, yyz, yzx, yzy, yzz, zxx, zxy, zxz, zyx, zyy, zyz, zzx, zzy, zzz
-8.000000e-02, -2.627027e-12, 6.665920e-13, 3.517354e-12, 1.508242e-12, 2.674749e-12, 1.748800e-12, 3.460570e-11, 5.435241e-12, -2.106142e-11, 1.389726e-11, -1.722724e-11, -7.096921e-12, 3.074019e-11, -1.404571e-11, -1.103002e-11, 2.748074e-11, 3.963331e-11, 2.286433e-12, -4.963493e-12, 1.017833e-11, 3.542526e-12, -2.123985e-11, 1.213884e-11, 6.099473e-12, -5.862297e-11, -1.963650e-11, 1.382814e-12
-6.400000e-02, 6.633037e-12, -7.490179e-12, -1.788313e-12, 6.555030e-12, 1.839924e-12, 2.133066e-12, -1.896011e-11, 5.960328e-11, 1.369870e-11, 1.498667e-12, 1.057310e-12, 2.400544e-13, -2.016721e-11, 1.315368e-11, 1.274280e-11, -8.407157e-11, 5.803988e-11, 3.949455e-11, 3.564788e-11, -2.630065e-11, -1.672245e-11, 7.695527e-11, -3.124464e-11, -4.218389e-11, 1.979922e-11, -1.297206e-11, -5.124117e-11
