mu, xx, xy, xz, yx, yy, yz, zx, zy, zz
-8.000000e-02, 3.070141e-11, 5.312261e-11, -7.826838e-12, 5.346397e-11, 8.689234e-11, -7.812841e-12, -6.518365e-12, -5.599601e-12, 1.015659e-10
-6.400000e-02, 1.431690e-11, 2.460500e-11, -3.368185e-12, 2.478766e-11, 3.947213e-11, -3.635542e-12, -2.670872e-12, -2.393214e-12, 4.661269e-11
