mu, xxx, xxy, xxz, xyx, xyy, xyz, xzx, xzy, xzz, yxx, yxy, yxz, yyx, yyy, yyz, yzx, yzy, yzz, zxx, zxy, zxz, zyx, zyy, zyz, zzx, zzy, zzz
-8.000000e-02, -4.352211e-12, 9.304869e-12, -8.480181e-13, -1.359002e-11, -2.791986e-13, -4.330991e-12, -3.037749e-11, -5.797589e-11, 2.686362e-12, -7.841608e-12, 1.563448e-11, -7.809004e-13, -2.574710e-11, 4.305529e-12, -2.563464e-12, -4.574626e-11, -9.225096e-11, 8.660062e-13, 6.038283e-12, -3.040772e-12, -2.954704e-12, -4.601117e-13, 1.506694e-11, 9.834433e-12, 4.226589e-12, 9.807076e-12, -1.636556e-11
-6.400000e-02, -1.722747e-12, 3.647030e-12, -5.108709e-13, -5.473103e-12, -3.876803e-13, -1.835755e-12, -1.241590e-11, -2.403581e-11, 2.007585e-12, -2.735897e-12, 5.832783e-12, -7.754688e-13, -1.006690e-11, 1.245593e-12, -1.247293e-12, -2.045885e-11, -3.644335e-11, 2.710859e-12, 3.891366e-12, -1.246543e-12, -1.323875e-12, 2.036705e-12, 6.448496e-12, 2.702144e-12, -7.737854e-13, 4.064203e-12, -1.217796e-11
