mu, xxx, xxy, xxz, xyx, xyy, xyz, xzx, xzy, xzz, yxx, yxy, yxz, yyx, yyy, yyz, yzx, yzy, yzz, zxx, zxy, zxz, zyx, zyy, zyz, zzx, zzy, zzz
-8.000000e-02, 6.252531e-06, -3.488825e-06, 8.822032e-05, -8.953027e+04, 5.169032e+04, -1.972381e+04, -4.204848e+05, 2.487440e+05, -5.085527e+04, 8.953027e+04, -5.169032e+04, 1.972381e+04, -3.009109e-07, 1.640501e-07, -6.475671e-05, -7.342810e+05, 4.204865e+05, -8.808493e+04, 4.204848e+05, -2.487440e+05, 5.085527e+04, 7.342810e+05, -4.204865e+05, 8.808493e+04, -1.064961e-04, 6.051964e-05, -4.844781e-04
-6.400000e-02, 7.013086e-06, -3.938826e-06, 9.826944e-05, -8.850499e+04, 5.109838e+04, -1.949797e+04, -4.156690e+05, 2.458951e+05, -5.027294e+04, 8.850499e+04, -5.109838e+04, 1.949797e+04, -1.214875e-05, 7.028475e-06, -1.023120e-04, -7.258679e+05, 4.156687e+05, -8.707513e+04, 4.156690e+05, -2.458951e+05, 5.027294e+04, 7.258679e+05, -4.156687e+05, 8.707513e+04, 1.315156e-05, -8.281197e-06, 7.589855e-05
