mu, xxx, xxy, xxz, xyx, xyy, xyz, xzx, xzy, xzz, yxx, yxy, yxz, yyx, yyy, yyz, yzx, yzy, yzz, zxx, zxy, zxz, zyx, zyy, zyz, zzx, zzy, zzz
-8.000000e-02, 8.338864e-09, -3.352896e-09, -2.863682e-09, 9.626750e-09, -5.707321e-09, -4.372045e-09, 1.604116e-09, 5.509768e-09, 1.196233e-09, 1.607721e-08, -5.719098e-09, -4.624532e-09, 2.068178e-08, -1.210273e-08, -6.075462e-09, 8.173406e-11, 9.577759e-09, 1.679391e-09, 1.153526e-10, 4.369201e-09, -9.148225e-10, 5.628758e-09, -5.825842e-09, 1.419502e-09, -3.096870e-09, 6.357682e-10, -1.175392e-11
-6.400000e-02, 3.299813e-09, -1.307230e-09, -1.204856e-09, 3.799934e-09, -2.221315e-09, -1.833102e-09, 7.794483e-10, 2.203997e-09, 5.033901e-10, 6.005112e-09, -1.997775e-09, -1.976130e-09, 7.968177e-09, -4.603831e-09, -2.519867e-09, 2.166587e-09, 2.668473e-09, 9.432864e-10, -8.064217e-10, 2.318384e-09, -5.428535e-10, 6.585757e-10, -1.469081e-09, 2.921159e-10, -1.229613e-09, 3.650289e-10, 1.507738e-12
