mu, xxx, xxy, xxz, xyx, xyy, xyz, xzx, xzy, xzz, yxx, yxy, yxz, yyx, yyy, yyz, yzx, yzy, yzz, zxx, zxy, zxz, zyx, zyy, zyz, zzx, zzy, zzz
-8.000000e-02, -3.134894e-02, 2.028834e-02, -8.130756e-02, 2.101931e+03, -1.213551e+03, -1.392371e+03, 9.054844e+03, -7.152943e+03, -5.471614e+03, -2.101967e+03, 1.213570e+03, 1.392281e+03, 3.144602e-02, -1.742570e-02, 7.887630e-02, 1.760853e+04, -9.054817e+03, -9.477046e+03, -9.054921e+03, 7.152957e+03, 5.471445e+03, -1.760864e+04, 9.054896e+03, 9.476759e+03, -2.503435e-02, -5.790348e-02, 3.076346e-03
-6.400000e-02, 3.015317e-02, -1.724172e-02, 6.154903e-02, 3.078915e+03, -1.777612e+03, -2.039583e+03, 1.326255e+04, -1.047730e+04, -8.012528e+03, -3.078885e+03, 1.777595e+03, 2.039643e+03, -2.703097e-02, 1.566208e-02, -5.524419e-02, 2.579169e+04, -1.326262e+04, -1.387828e+04, -1.326248e+04, 1.047729e+04, 8.012653e+03, -2.579160e+04, 1.326255e+04, 1.387848e+04, 4.791710e-03, 4.601213e-02, -7.977681e-03
