mu, xxx, xxy, xxz, xyx, xyy, xyz, xzx, xzy, xzz, yxx, yxy, yxz, yyx, yyy, yyz, yzx, yzy, yzz, zxx, zxy, zxz, zyx, zyy, zyz, zzx, zzy, zzz
-8.000000e-02, -7.807192e-02, 4.517962e-02, -4.369336e-02, -1.985134e+06, 1.146117e+06, -4.375724e+05, -9.328021e+06, 5.517939e+06, -1.131248e+06, 1.985134e+06, -1.146117e+06, 4.375724e+05, 7.499102e-02, -4.326116e-02, 3.817958e-02, -1.628834e+07, 9.327637e+06, -1.959145e+06, 9.328021e+06, -5.517939e+06, 1.131248e+06, 1.628834e+07, -9.327637e+06, 1.959145e+06, 2.197963e-02, -1.622462e-02, 1.102864e-01
-6.400000e-02, 8.129047e-02, -4.692898e-02, 1.463234e-01, -2.905380e+06, 1.677422e+06, -6.400681e+05, -1.363533e+07, 8.066325e+06, -1.646854e+06, 2.905380e+06, -1.677422e+06, 6.400683e+05, -7.314176e-02, 4.222978e-02, -1.320249e-01, -2.381278e+07, 1.363633e+07, -2.853039e+06, 1.363533e+07, -8.066325e+06, 1.646854e+06, 2.381278e+07, -1.363633e+07, 2.853040e+06, -5.991559e-02, 3.702154e-02, -2.859983e-01
