damping, xx, xy, xz, yx, yy, yz, zx, zy, zz
1.000000e-05, 1.965959e+06, -3.267960e+06, 4.663349e+05, -3.267960e+06, 5.745439e+06, 2.869416e+05, 4.663349e+05, 2.869416e+05, 4.831647e+06
5.000000e-05, 3.922079e+05, -6.513109e+05, 9.517066e+04, -6.513109e+05, 1.144338e+06, 5.472681e+04, 9.517066e+04, 5.472681e+04, 9.676294e+05
1.000000e-04, 1.967513e+05, -3.268374e+05, 4.744841e+04, -3.268374e+05, 5.742674e+05, 2.740918e+04, 4.744841e+04, 2.740918e+04, 4.835527e+05
2.000000e-04, 9.856848e+04, -1.636506e+05, 2.391928e+04, -1.636506e+05, 2.873883e+05, 1.340392e+04, 2.391928e+04, 1.340392e+04, 2.416042e+05
3.000000e-04, 6.543603e+04, -1.087330e+05, 1.567966e+04, -1.087330e+05, 1.911274e+05, 9.366403e+03, 1.567966e+04, 9.366403e+03, 1.610573e+05
4.000000e-04, 4.918959e+04, -8.174731e+04, 1.173507e+04, -8.174731e+04, 1.437172e+05, 7.127739e+03, 1.173507e+04, 7.127739e+03, 1.209635e+05
5.000000e-04, 3.927325e+04, -6.521277e+04, 9.483744e+03, -6.521277e+04, 1.145619e+05, 5.534007e+03, 9.483744e+03, 5.534007e+03, 9.681259e+04
