damping, xx, xy, xz, yx, yy, yz, zx, zy, zz
1.000000e-05, 1.962337e+06, -3.260101e+06, 4.679310e+05, -3.260101e+06, 5.729546e+06, 2.856159e+05, 4.679310e+05, 2.856159e+05, 4.836540e+06
5.000000e-05, 3.919368e+05, -6.511387e+05, 9.341415e+04, -6.511387e+05, 1.144443e+06, 5.739436e+04, 9.341415e+04, 5.739436e+04, 9.668257e+05
1.000000e-04, 1.955333e+05, -3.246033e+05, 4.777563e+04, -3.246033e+05, 5.701924e+05, 2.696267e+04, 4.777563e+04, 2.696267e+04, 4.839220e+05
2.000000e-04, 9.836548e+04, -1.633507e+05, 2.381441e+04, -1.633507e+05, 2.869439e+05, 1.355254e+04, 2.381441e+04, 1.355254e+04, 2.415459e+05
3.000000e-04, 6.570789e+04, -1.091213e+05, 1.578036e+04, -1.091213e+05, 1.916726e+05, 9.192897e+03, 1.578036e+04, 9.192897e+03, 1.608095e+05
4.000000e-04, 4.910339e+04, -8.153664e+04, 1.191965e+04, -8.153664e+04, 1.432370e+05, 6.803227e+03, 1.191965e+04, 6.803227e+03, 1.210070e+05
5.000000e-04, 3.931472e+04, -6.529836e+04, 9.514420e+03, -6.529836e+04, 1.147383e+05, 5.492878e+03, 9.514420e+03, 5.492878e+03, 9.687216e+04
