damping, xx, xy, xz, yx, yy, yz, zx, zy, zz
1.000000e-05, 8.071763e+06, -1.139678e+03, 1.237876e+04, -1.139678e+03, 8.459669e+04, -5.814495e+05, 1.237876e+04, -5.814495e+05, 5.154775e+06
5.000000e-05, 1.618910e+06, -3.297576e+02, 6.464734e+03, -3.297576e+02, 1.685557e+04, -1.159715e+05, 6.464734e+03, -1.159715e+05, 1.030688e+06
1.000000e-04, 8.081669e+05, 1.888284e+02, 3.204007e+02, 1.888284e+02, 8.412671e+03, -5.782132e+04, 3.204007e+02, -5.782132e+04, 5.132306e+05
2.000000e-04, 4.043373e+05, -4.540846e+01, 4.932584e+02, -4.540846e+01, 4.204541e+03, -2.890974e+04, 4.932584e+02, -2.890974e+04, 2.567794e+05
3.000000e-04, 2.670670e+05, 3.292788e+01, 8.720798e+00, 3.292788e+01, 2.778286e+03, -1.910810e+04, 8.720798e+00, -1.910810e+04, 1.697998e+05
4.000000e-04, 1.989819e+05, 2.361505e+01, 1.679610e+02, 2.361505e+01, 2.068461e+03, -1.422108e+04, 1.679610e+02, -1.422108e+04, 1.262675e+05
5.000000e-04, 1.575039e+05, -4.073859e+01, 4.280473e+02, -4.073859e+01, 1.640138e+03, -1.128666e+04, 4.280473e+02, -1.128666e+04, 1.002881e+05
