damping, xx, xy, xz, yx, yy, yz, zx, zy, zz
1.000000e-05, 7.634869e+06, -3.309321e+03, 2.584554e+04, -3.309321e+03, 8.095486e+04, -5.483661e+05, 2.584554e+04, -5.483661e+05, 4.831097e+06
5.000000e-05, 1.516329e+06, -3.373468e+02, 3.186516e+03, -3.373468e+02, 1.616633e+04, -1.096840e+05, 3.186516e+03, -1.096840e+05, 9.672552e+05
1.000000e-04, 7.609005e+05, -2.595872e+01, 5.680199e+02, -2.595872e+01, 8.085624e+03, -5.478512e+04, 5.680199e+02, -5.478512e+04, 4.826699e+05
2.000000e-04, 3.798970e+05, 6.657028e+01, -3.768181e+02, 6.657028e+01, 4.041248e+03, -2.740328e+04, -3.768181e+02, -2.740328e+04, 2.416602e+05
3.000000e-04, 2.548457e+05, 3.082140e+01, -2.393146e+02, 3.082140e+01, 2.690923e+03, -1.823858e+04, -2.393146e+02, -1.823858e+04, 1.609101e+05
4.000000e-04, 1.903578e+05, 1.694823e+01, -7.266609e+01, 1.694823e+01, 2.025257e+03, -1.373295e+04, -7.266609e+01, -1.373295e+04, 1.210868e+05
5.000000e-04, 1.525617e+05, 1.065430e+00, 5.770543e+01, 1.065430e+00, 1.619921e+03, -1.097732e+04, 5.770543e+01, -1.097732e+04, 9.676070e+04
