damping, xx, xy, xz, yx, yy, yz, zx, zy, zz
1.000000e-05, 3.937986e+07, -6.550740e+07, 9.344943e+06, -6.550740e+07, 1.151199e+08, 5.590807e+06, 9.344943e+06, 5.590807e+06, 9.677099e+07
5.000000e-05, 7.975867e+06, -1.325597e+07, 1.920412e+06, -1.325597e+07, 2.328714e+07, 1.127851e+06, 1.920412e+06, 1.127851e+06, 1.976775e+07
1.000000e-04, 4.000538e+06, -6.648066e+06, 9.695487e+05, -6.648066e+06, 1.167489e+07, 5.444473e+05, 9.695487e+05, 5.444473e+05, 9.872849e+06
2.000000e-04, 1.999488e+06, -3.321905e+06, 4.860921e+05, -3.321905e+06, 5.830946e+06, 2.642872e+05, 4.860921e+05, 2.642872e+05, 4.911518e+06
3.000000e-04, 1.312994e+06, -2.185246e+06, 3.069862e+05, -2.185246e+06, 3.844316e+06, 2.026965e+05, 3.069862e+05, 2.026965e+05, 3.262406e+06
4.000000e-04, 9.805448e+05, -1.632466e+06, 2.312406e+05, -1.632466e+06, 2.871611e+06, 1.439009e+05, 2.312406e+05, 1.439009e+05, 2.422284e+06
5.000000e-04, 7.768041e+05, -1.290074e+06, 1.871797e+05, -1.290074e+06, 2.264627e+06, 1.094883e+05, 1.871797e+05, 1.094883e+05, 1.923522e+06
