damping, xx, xy, xz, yx, yy, yz, zx, zy, zz
1.000000e-05, 1.962417e+06, 3.261778e+06, -4.669926e+05, 3.261778e+06, 5.734436e+06, 2.850269e+05, -4.669926e+05, 2.850269e+05, 4.827593e+06
5.000000e-05, 3.936507e+05, 6.540514e+05, -9.421669e+04, 6.540514e+05, 1.149197e+06, 5.536865e+04, -9.421669e+04, 5.536865e+04, 9.651316e+05
1.000000e-04, 1.972670e+05, 3.273297e+05, -4.822049e+04, 3.273297e+05, 5.744556e+05, 2.609327e+04, -4.822049e+04, 2.609327e+04, 4.831935e+05
2.000000e-04, 9.806645e+04, 1.629871e+05, -2.325335e+04, 1.629871e+05, 2.865426e+05, 1.446863e+04, -2.325335e+04, 1.446863e+04, 2.416597e+05
3.000000e-04, 6.547344e+04, 1.087931e+05, -1.558091e+04, 1.087931e+05, 1.912131e+05, 9.500696e+03, -1.558091e+04, 9.500696e+03, 1.609601e+05
4.000000e-04, 4.919332e+04, 8.167536e+04, -1.198260e+04, 8.167536e+04, 1.434421e+05, 6.666265e+03, -1.198260e+04, 6.666265e+03, 1.209072e+05
5.000000e-04, 3.937633e+04, 6.535483e+04, -9.613940e+03, 6.535483e+04, 1.147493e+05, 5.315308e+03, -9.613940e+03, 5.315308e+03, 9.680529e+04
