damping, xx, xy, xz, yx, yy, yz, zx, zy, zz
1.000000e-05, 3.861512e+07, 6.422091e+07, -9.287846e+06, 6.422091e+07, 1.128586e+08, 5.437871e+06, -9.287846e+06, 5.437871e+06, 9.565878e+07
5.000000e-05, 7.890521e+06, 1.312410e+07, -1.905857e+06, 1.312410e+07, 2.305766e+07, 1.064093e+06, -1.905857e+06, 1.064093e+06, 1.939324e+07
1.000000e-04, 3.944234e+06, 6.551774e+06, -9.676049e+05, 6.551774e+06, 1.149838e+07, 5.119245e+05, -9.676049e+05, 5.119245e+05, 9.704753e+06
2.000000e-04, 1.953033e+06, 3.249060e+06, -4.666393e+05, 3.249060e+06, 5.711612e+06, 2.815655e+05, -4.666393e+05, 2.815655e+05, 4.844569e+06
3.000000e-04, 1.298224e+06, 2.158480e+06, -3.124975e+05, 2.158480e+06, 3.791846e+06, 1.808779e+05, -3.124975e+05, 1.808779e+05, 3.207447e+06
4.000000e-04, 9.628357e+05, 1.599439e+06, -2.398513e+05, 1.599439e+06, 2.807904e+06, 1.224019e+05, -2.398513e+05, 1.224019e+05, 2.389135e+06
5.000000e-04, 7.646289e+05, 1.269826e+06, -1.896257e+05, 1.269826e+06, 2.228884e+06, 9.876468e+04, -1.896257e+05, 9.876468e+04, 1.892336e+06
