damping, xx, xy, xz, yx, yy, yz, zx, zy, zz
1.000000e-05, 1.971948e+06, 3.274237e+06, -4.804118e+05, 3.274237e+06, 5.749270e+06, 2.620040e+05, -4.804118e+05, 2.620040e+05, 4.827655e+06
5.000000e-05, 3.935577e+05, 6.539043e+05, -9.422548e+04, 6.539043e+05, 1.149193e+06, 5.595281e+04, -9.422548e+04, 5.595281e+04, 9.663329e+05
1.000000e-04, 1.961308e+05, 3.258772e+05, -4.685163e+04, 3.258772e+05, 5.727954e+05, 2.841736e+04, -4.685163e+04, 2.841736e+04, 4.832998e+05
2.000000e-04, 9.846822e+04, 1.634571e+05, -2.360806e+04, 1.634571e+05, 2.869908e+05, 1.387988e+04, -2.360806e+04, 1.387988e+04, 2.414540e+05
3.000000e-04, 6.564964e+04, 1.089874e+05, -1.603652e+04, 1.089874e+05, 1.913879e+05, 8.813507e+03, -1.603652e+04, 8.813507e+03, 1.614076e+05
4.000000e-04, 4.932872e+04, 8.190100e+04, -1.196183e+04, 8.190100e+04, 1.437938e+05, 6.627640e+03, -1.196183e+04, 6.627640e+03, 1.207102e+05
5.000000e-04, 3.941247e+04, 6.550267e+04, -9.344490e+03, 6.550267e+04, 1.151323e+05, 5.711616e+03, -9.344490e+03, 5.711616e+03, 9.661467e+04
