damping, xx, xy, xz, yx, yy, yz, zx, zy, zz
1.000000e-05, 1.518332e+08, 7.260838e+03, -7.089492e+04, 7.260838e+03, 1.584955e+06, -1.089447e+07, -7.089492e+04, -1.089447e+07, 9.671279e+07
5.000000e-05, 3.095516e+07, -2.264577e+03, 1.154713e+04, -2.264577e+03, 3.212109e+05, -2.206539e+06, 1.154713e+04, -2.206539e+06, 1.959082e+07
1.000000e-04, 1.542979e+07, -3.362514e+03, 2.935190e+04, -3.362514e+03, 1.613020e+05, -1.109693e+06, 2.935190e+04, -1.109693e+06, 9.855366e+06
2.000000e-04, 7.688132e+06, 5.185138e+02, -1.565226e+03, 5.185138e+02, 8.051100e+04, -5.538804e+05, -1.565226e+03, -5.538804e+05, 4.918142e+06
3.000000e-04, 5.130014e+06, 1.667887e+03, -5.776458e+03, 1.667887e+03, 5.314275e+04, -3.649973e+05, -5.776458e+03, -3.649973e+05, 3.238403e+06
4.000000e-04, 3.799341e+06, -1.688203e+02, 7.337433e+03, -1.688203e+02, 3.946625e+04, -2.716931e+05, 7.337433e+03, -2.716931e+05, 2.417545e+06
5.000000e-04, 3.003562e+06, -4.854682e+02, 7.238909e+03, -4.854682e+02, 3.126048e+04, -2.154880e+05, 7.238909e+03, -2.154880e+05, 1.918094e+06
