damping, xx, xy, xz, yx, yy, yz, zx, zy, zz
1.000000e-05, 7.633009e+06, -5.278729e+02, -4.285207e+03, -5.278729e+02, 8.081387e+04, -5.476369e+05, -4.285207e+03, -5.476369e+05, 4.828520e+06
5.000000e-05, 1.529992e+06, 2.906009e+01, -1.256498e+03, 2.906009e+01, 1.616535e+04, -1.095054e+05, -1.256498e+03, -1.095054e+05, 9.657309e+05
1.000000e-04, 7.614101e+05, -1.108565e+02, 8.490190e+02, -1.108565e+02, 8.092299e+03, -5.488872e+04, 8.490190e+02, -5.488872e+04, 4.841666e+05
2.000000e-04, 3.802529e+05, 4.576644e+01, -2.428664e+02, 4.576644e+01, 4.051775e+03, -2.747946e+04, -2.428664e+02, -2.747946e+04, 2.422620e+05
3.000000e-04, 2.541417e+05, 3.192817e+01, -5.639426e+01, 3.192817e+01, 2.692833e+03, -1.824763e+04, -5.639426e+01, -1.824763e+04, 1.608816e+05
4.000000e-04, 1.909692e+05, -2.607624e+00, 9.052091e+01, -2.607624e+00, 2.021989e+03, -1.370572e+04, 9.052091e+01, -1.370572e+04, 1.209374e+05
5.000000e-04, 1.522147e+05, -1.148350e+01, 1.039220e+02, -1.148350e+01, 1.616851e+03, -1.097369e+04, 1.039220e+02, -1.097369e+04, 9.691391e+04
