mu, xxx, xxy, xxz, xyx, xyy, xyz, xzx, xzy, xzz, yxx, yxy, yxz, yyx, yyy, yyz, yzx, yzy, yzz, zxx, zxy, zxz, zyx, zyy, zyz, zzx, zzy, zzz
-8.000000e-02, -6.898051e-10, -9.156537e-07, -8.104056e-08, 3.293555e-08, -1.033912e+05, -1.972603e+04, -1.758700e-07, 9.771366e+05, 1.017218e+05, -2.624023e-08, 1.033912e+05, 1.972603e+04, -1.952225e-07, -1.449012e-05, -2.201516e-05, -5.977520e+03, -1.533682e+00, -4.656264e-01, 1.650687e-07, -9.771366e+05, -1.017218e+05, 5.977520e+03, 1.533716e+00, 4.658297e-01, 1.400492e-06, 1.076904e-04, 4.402415e-04
-6.400000e-02, 6.015485e-11, -4.153694e-07, -3.936393e-08, 1.304765e-08, -1.021683e+05, -1.949278e+04, -7.028724e-08, 9.655880e+05, 1.005227e+05, -1.022152e-08, 1.021683e+05, 1.949278e+04, -2.313120e-07, -4.537366e-06, -6.899961e-06, -5.906777e+03, -4.807463e-01, -1.459547e-01, 6.714530e-08, -9.655880e+05, -1.005227e+05, 5.906777e+03, 4.807568e-01, 1.460184e-01, 2.953923e-06, 3.410518e-05, 1.380332e-04
