mu, xxx, xxy, xxz, xyx, xyy, xyz, xzx, xzy, xzz, yxx, yxy, yxz, yyx, yyy, yyz, yzx, yzy, yzz, zxx, zxy, zxz, zyx, zyy, zyz, zzx, zzy, zzz
-8.000000e-02, 1.685849e-11, -2.167299e-08, 2.912341e-09, -2.157417e-08, -2.319349e+06, -4.424438e+05, 8.074211e-09, 2.194204e+07, 2.287547e+06, 2.206285e-08, 2.319349e+06, 4.424441e+05, 2.766764e-05, -1.591458e-02, -2.419088e-02, -1.341255e+05, -1.685372e+03, -5.116794e+02, -1.153731e-08, -2.194204e+07, -2.287546e+06, 1.341255e+05, 1.685409e+03, 5.119028e+02, 1.716456e-03, 1.191046e-01, 4.838651e-01
-6.400000e-02, 2.732761e-11, -1.246479e-08, -8.197396e-10, -3.249860e-08, -3.620224e+06, -6.913189e+05, 2.047027e-08, 3.417841e+07, 3.561162e+06, 3.260625e-08, 3.620224e+06, 6.913183e+05, -3.101651e-04, 2.850902e-03, 4.333499e-03, -2.089866e+05, 3.019137e+02, 9.166108e+01, -2.087787e-08, -3.417841e+07, -3.561163e+06, 2.089866e+05, -3.019203e+02, -9.170110e+01, 1.626200e-03, -2.133612e-02, -8.667849e-02
