mu, xx, xy, xz, yx, yy, yz, zx, zy, zz
-8.000000e-02, 8.777971e-12, 2.560376e-12, -1.494202e-11, 2.650126e-12, -2.141852e-13, 5.813491e-13, -1.548884e-11, 5.843363e-13, 6.037324e-12
-6.400000e-02, 4.319793e-12, 9.853242e-13, -5.848132e-12, 1.041379e-12, -9.802352e-14, 4.134471e-13, -6.208774e-12, 4.079845e-13, 2.132195e-12
