mu, xxx, xxy, xxz, xyx, xyy, xyz, xzx, xzy, xzz, yxx, yxy, yxz, yyx, yyy, yyz, yzx, yzy, yzz, zxx, zxy, zxz, zyx, zyy, zyz, zzx, zzy, zzz
-8.000000e-02, -1.646225e-11, -9.431439e-08, -1.167771e-08, 4.522906e-10, 1.037177e-08, 1.980446e-09, 1.248215e-09, -9.756034e-08, -1.045386e-08, 1.557441e-11, -9.407719e-10, 1.224128e-10, 2.164083e-11, -1.618617e-10, -3.261298e-11, -1.405320e-10, 1.735326e-09, 1.807130e-10, -9.115630e-11, -4.847384e-08, -3.929306e-09, 3.768995e-10, 1.316974e-09, 2.775331e-10, -8.390205e-10, -1.415717e-08, -1.565959e-09
-6.400000e-02, -2.560220e-11, -2.856177e-08, -1.841990e-09, 2.648047e-10, -1.691932e-09, -3.327002e-10, -7.531242e-10, 1.860630e-08, 1.539074e-09, 2.128188e-11, 1.369609e-09, 9.596258e-11, -1.120550e-11, -4.320638e-11, -8.657936e-12, 2.928286e-11, 6.854291e-10, 6.912071e-11, -1.474452e-10, 6.339374e-10, 8.191263e-10, 5.126532e-11, -1.534113e-09, -2.500304e-10, -6.157541e-10, 1.212611e-08, 1.130585e-09
