mu, xxx, xxy, xxz, xyx, xyy, xyz, xzx, xzy, xzz, yxx, yxy, yxz, yyx, yyy, yyz, yzx, yzy, yzz, zxx, zxy, zxz, zyx, zyy, zyz, zzx, zzy, zzz
-8.000000e-02, 4.332312e-12, 1.013874e-10, -5.056025e-11, -6.649262e-12, -1.042071e-11, 7.415374e-12, -1.782988e-11, 9.854010e-11, -6.196120e-11, 7.933942e-13, 1.043438e-12, -1.890427e-13, -3.081786e-13, 2.390908e-13, 1.444504e-13, 2.107568e-12, -2.849038e-12, -1.389331e-12, 5.223440e-12, 4.984007e-11, -2.358036e-11, -5.522721e-12, -9.748440e-13, 2.436885e-12, 1.149368e-11, 8.084653e-12, -2.552043e-11
-6.400000e-02, 9.729448e-12, 3.281559e-11, -1.423508e-11, -4.000860e-12, 2.886729e-12, 1.704887e-12, 1.136208e-11, -3.062283e-11, -2.010262e-11, -5.632228e-15, -1.321114e-12, 7.066285e-13, 1.767178e-13, 3.376006e-14, -9.151672e-14, -3.108960e-13, -4.726565e-13, 1.218837e-12, -3.356177e-12, -1.951311e-12, 2.060883e-13, -8.197120e-13, 1.145507e-12, -2.274588e-12, 8.137420e-12, -6.903003e-12, 1.734717e-11
