mu, xxx, xxy, xxz, xyx, xyy, xyz, xzx, xzy, xzz, yxx, yxy, yxz, yyx, yyy, yyz, yzx, yzy, yzz, zxx, zxy, zxz, zyx, zyy, zyz, zzx, zzy, zzz
-8.000000e-02, -8.703841e-12, 2.274243e-11, -5.501795e-12, -7.106090e-12, 2.458507e+03, -1.410213e+03, 4.523465e-11, -2.313236e+04, 1.108433e+04, 2.659329e-13, -2.458442e+03, 1.410324e+03, 4.958241e-04, -5.910850e-03, -1.066682e-02, 1.950171e+03, 1.175287e-01, -1.469063e-01, 3.963158e-12, 2.313247e+04, -1.108412e+04, -1.950151e+03, -1.106154e-01, 1.350435e-01, 3.531001e-02, 3.190200e-02, 1.349701e-02
-6.400000e-02, 5.511732e-12, 1.284401e-11, -5.761220e-12, -1.605635e-12, 3.831083e+03, -2.197886e+03, -1.849815e-12, -3.604289e+04, 1.726999e+04, 1.363993e-12, -3.831084e+03, 2.197965e+03, -6.415105e-03, 1.058856e-03, 1.910830e-03, 3.038630e+03, -2.105382e-02, 2.631645e-02, 1.854053e-11, 3.604289e+04, -1.726985e+04, -3.038623e+03, 1.981539e-02, -2.419138e-02, 3.368969e-02, -5.714852e-03, -2.417824e-03
