mu, xxx, xxy, xxz, xyx, xyy, xyz, xzx, xzy, xzz, yxx, yxy, yxz, yyx, yyy, yyz, yzx, yzy, yzz, zxx, zxy, zxz, zyx, zyy, zyz, zzx, zzy, zzz
-8.000000e-02, 2.739556e-10, -3.089301e-09, -2.148855e-09, -5.140153e-11, 1.558930e-09, -4.091828e-10, 1.089973e-09, -1.478112e-08, -6.581204e-10, -4.520358e-11, 5.533196e-10, -5.223787e-10, -9.444490e-11, 1.753800e-10, 1.840052e-11, 3.779314e-10, -1.197091e-09, -1.309266e-10, 3.853375e-10, -1.285898e-08, -9.916129e-10, 4.262660e-10, -1.551484e-09, -1.027861e-10, 4.233334e-10, 6.012044e-09, 3.428139e-10
-6.400000e-02, 1.125092e-10, 3.062880e-10, -5.353350e-10, -1.799597e-11, 6.360632e-10, -1.683702e-10, 3.267697e-10, -6.011896e-09, -2.757576e-10, -1.816505e-11, 4.006030e-10, -2.326771e-10, -4.232885e-11, 8.215259e-11, 9.328187e-12, 1.795628e-10, -5.810127e-10, -6.378049e-11, 1.557253e-10, -5.997317e-09, -2.068791e-10, 1.984141e-10, -6.371308e-10, -4.261427e-11, -1.074859e-11, 2.430728e-09, 1.372188e-10
