mu, xxx, xxy, xxz, xyx, xyy, xyz, xzx, xzy, xzz, yxx, yxy, yxz, yyx, yyy, yyz, yzx, yzy, yzz, zxx, zxy, zxz, zyx, zyy, zyz, zzx, zzy, zzz
-8.000000e-02, -2.810782e-12, 8.275582e-12, -9.924818e-13, 1.547685e-12, -2.091575e-12, -9.384049e-13, -1.887908e-11, 9.729304e-12, -5.273177e-12, 5.294401e-13, 6.148156e-14, -2.279650e-13, 1.565023e-12, -2.200506e-13, 4.075676e-14, -7.157166e-12, 8.236294e-13, -2.813833e-13, -5.285830e-12, 1.360820e-11, -7.571789e-12, -8.114131e-12, 1.272841e-12, -5.572531e-13, -9.556061e-13, -6.392471e-12, -8.672637e-13
-6.400000e-02, -1.412117e-12, 1.736367e-12, 5.849138e-13, 5.844387e-13, -8.766098e-13, -4.808005e-13, -6.003855e-12, 4.262085e-12, -1.192475e-12, 2.393508e-13, -1.567855e-13, -4.508790e-14, 6.938456e-13, -9.847244e-14, 2.904429e-14, -3.281093e-12, 4.141426e-13, -2.217665e-13, -2.176156e-12, 6.346089e-12, -3.184651e-12, -3.668927e-12, 5.153147e-13, -2.378225e-13, 2.204483e-12, -2.571518e-12, -3.737403e-13
