mu, xx, xy, xz, yx, yy, yz, zx, zy, zz
-8.000000e-02, 2.319051e+05, 2.098885e+01, -1.792978e+02, 2.098885e+01, 3.155382e+03, -1.634462e+04, -1.792978e+02, -1.634462e+04, 1.541077e+05
-6.400000e-02, 9.653749e+04, -7.322561e+00, 1.082524e+02, -7.322561e+00, 1.310786e+03, -6.799875e+03, 1.082524e+02, -6.799875e+03, 6.419304e+04
