mu, xxx, xxy, xxz, xyx, xyy, xyz, xzx, xzy, xzz, yxx, yxy, yxz, yyx, yyy, yyz, yzx, yzy, yzz, zxx, zxy, zxz, zyx, zyy, zyz, zzx, zzy, zzz
-8.000000e-02, 0.000000e+00, 0.000000e+00, 0.000000e+00, 0.000000e+00, 0.000000e+00, 0.000000e+00, 0.000000e+00, 0.000000e+00, 0.000000e+00, 0.000000e+00, 0.000000e+00, 0.000000e+00, 0.000000e+00, 0.000000e+00, 0.000000e+00, 0.000000e+00, 0.000000e+00, 0.000000e+00, 0.000000e+00, 0.000000e+00, 0.000000e+00, 0.000000e+00, 0.000000e+00, 0.000000e+00, 0.000000e+00, 0.000000e+00, 0.000000e+00
-6.400000e-02, 3.534888e-13, -2.731023e-10, 1.674081e-11, -4.325821e-10, -4.751659e+04, -9.070102e+03, 2.283559e-10, 4.489636e+05, 4.678967e+04, 4.373528e-10, 4.751659e+04, 9.070099e+03, -2.259980e-06, -1.045094e-04, -1.588590e-04, -2.744897e+03, -1.106767e+01, -3.360146e+00, -2.593214e-10, -4.489636e+05, -4.678967e+04, 2.744897e+03, 1.106791e+01, 3.361614e+00, 2.674125e-05, 7.821475e-04, 3.177493e-03
