mu, xxx, xxy, xxz, xyx, xyy, xyz, xzx, xzy, xzz, yxx, yxy, yxz, yyx, yyy, yyz, yzx, yzy, yzz, zxx, zxy, zxz, zyx, zyy, zyz, zzx, zzy, zzz
-8.000000e-02, 0.000000e+00, 0.000000e+00, 0.000000e+00, 0.000000e+00, 0.000000e+00, 0.000000e+00, 0.000000e+00, 0.000000e+00, 0.000000e+00, 0.000000e+00, 0.000000e+00, 0.000000e+00, 0.000000e+00, 0.000000e+00, 0.000000e+00, 0.000000e+00, 0.000000e+00, 0.000000e+00, 0.000000e+00, 0.000000e+00, 0.000000e+00, 0.000000e+00, 0.000000e+00, 0.000000e+00, 0.000000e+00, 0.000000e+00, 0.000000e+00
-6.400000e-02, -2.553687e-14, 2.846915e-13, -9.010412e-14, -6.969381e-14, 5.031671e+01, -2.886479e+01, 3.470787e-13, -4.734020e+02, 2.268346e+02, 1.303940e-14, -5.031621e+01, 2.886631e+01, -4.735425e-05, -3.881595e-05, -7.004794e-05, 3.991041e+01, 7.717988e-04, -9.647185e-04, 1.800295e-13, 4.734029e+02, -2.268318e+02, -3.991019e+01, -7.264000e-04, 8.868167e-04, 5.519976e-04, 2.094972e-04, 8.863349e-05
