mu, xxx, xxy, xxz, xyx, xyy, xyz, xzx, xzy, xzz, yxx, yxy, yxz, yyx, yyy, yyz, yzx, yzy, yzz, zxx, zxy, zxz, zyx, zyy, zyz, zzx, zzy, zzz
-8.000000e-02, -6.332556e-09, -1.377878e-09, -9.575054e-10, -4.822511e-10, 1.095664e+02, -6.285518e+01, 2.734065e-09, -1.030879e+03, 4.939256e+02, 4.069652e-10, -1.095664e+02, 6.285529e+01, -6.965081e-06, -5.378873e-06, -9.706775e-06, 8.691245e+01, 1.069509e-04, -1.336842e-04, -2.464362e-09, 1.030879e+03, -4.939254e+02, -8.691244e+01, -1.006597e-04, 1.228892e-04, 4.499965e-05, 2.902967e-05, 1.228106e-05
-6.400000e-02, -2.570815e-09, -5.230803e-10, -4.125343e-10, -1.990581e-10, 1.082698e+02, -6.211125e+01, 1.096655e-09, -1.018680e+03, 4.880814e+02, 1.805081e-10, -1.082697e+02, 6.211145e+01, -7.668497e-06, -1.686062e-06, -3.042667e-06, 8.588385e+01, 3.352477e-05, -4.190455e-05, -1.101344e-09, 1.018680e+03, -4.880810e+02, -8.588383e+01, -3.155265e-05, 3.852066e-05, 7.656887e-05, 9.099187e-06, 3.849998e-06
