mu, xxx, xxy, xxz, xyx, xyy, xyz, xzx, xzy, xzz, yxx, yxy, yxz, yyx, yyy, yyz, yzx, yzy, yzz, zxx, zxy, zxz, zyx, zyy, zyz, zzx, zzy, zzz

-8.000000e-02, -9.833444e-11, 7.313271e-11, 5.482598e-10, 4.815482e-11, 2.816748e-11, -1.000830e-09, -9.320866e-12, 7.891309e-12, 2.773387e-11, -3.687679e-11, 7.699020e-11, 9.906638e-10, 9.286629e-11, 8.557366e-12, -9.793190e-11, -9.018055e-12, -7.844749e-12, 3.343311e-11, 2.283038e-11, -8.112553e-13, 3.830486e-11, -2.771203e-11, -2.207886e-11, -3.150897e-11, -2.020832e-12, 9.857810e-12, -8.747029e-12
-7.899371e-02, -8.384073e-11, -4.889415e-11, -3.175976e-11, -4.044461e-11, 8.521218e-12, -6.261999e-10, -3.119541e-12, 6.377580e-12, -2.224609e-11, -8.665706e-11, 8.464616e-11, 4.953527e-10, 7.650829e-11, 1.223859e-10, 1.204924e-11, -9.118872e-12, -2.147798e-11, -2.750749e-11, 3.972973e-11, -1.606468e-11, -4.553007e-12, -3.144555e-11, -4.366908e-11, 1.915994e-11, -4.892090e-12, -7.562594e-13, -7.568720e-13
-7.798742e-02, -3.046612e-11, 1.906725e-11, 1.135706e-11, 9.979853e-12, 6.741877e-11, -3.068798e-10, -1.172707e-11, 3.810988e-13, -9.226364e-11, -1.094068e-10, 3.836662e-11, 5.011627e-10, 1.449574e-11, 1.180176e-10, 6.174677e-12, 1.227805e-12, -2.193633e-12, 3.165993e-11, 3.369263e-11, -9.571750e-12, 3.841475e-11, -1.269086e-11, -3.412651e-11, 5.851823e-11, -3.763632e-12, 7.560203e-12, -1.112450e-12
-7.698113e-02, -6.826099e-11, 2.730427e-11, -1.276077e-11, 1.233830e-11, 5.401895e-11, -1.381422e-10, -3.959278e-12, 3.600072e-12, 3.882686e-11, -6.079266e-11, 1.674367e-11, 1.061680e-10, 3.642407e-11, 4.296019e-12, 8.285596e-11, -6.901904e-12, -1.601755e-11, 8.075020e-11, 2.028025e-11, -8.137942e-12, -6.023692e-11, -5.249131e-12, -2.431970e-11, 3.369385e-11, -5.427375e-13, 3.279973e-12, 3.426573e-12
-7.597484e-02, 1.880760e-10, 3.486087e-11, 1.778537e-10, -2.416091e-11, -1.663006e-10, 1.773322e-09, -9.654795e-12, 9.893210e-12, -5.780474e-11, 5.489538e-11, -3.835373e-11, -1.657948e-09, -3.611019e-11, -5.189568e-11, -2.365408e-10, -1.695888e-11, -1.186007e-11, 4.956062e-11, 9.843389e-12, -2.879929e-11, 2.932652e-11, -1.619287e-12, -1.164815e-11, 3.214718e-12, -1.710381e-12, 1.910460e-12, -6.884746e-12
