mu, xx, xy, xz, yx, yy, yz, zx, zy, zz
-8.000000e-02, -4.514191e-09, -2.430712e-09, 2.667693e-09, -2.442180e-09, 3.879167e-09, -2.150724e-09, 2.673009e-09, -2.146115e-09, -6.804120e-12
-7.899371e-02, 4.250922e-09, -1.837038e-11, 8.667341e-11, -1.034569e-11, 7.487177e-09, 9.988912e-10, 9.059331e-11, 9.989621e-10, 2.028329e-09
-7.798742e-02, 4.005458e-09, -6.278634e-09, 1.191908e-09, -6.276282e-09, -1.167494e-10, 2.052013e-09, 1.194854e-09, 2.054560e-09, -5.786734e-10
-7.698113e-02, -4.951993e-09, -5.220226e-09, -1.510183e-09, -5.228407e-09, 5.044909e-10, -2.731817e-09, -1.512178e-09, -2.731746e-09, -9.437416e-11
-7.597484e-02, -5.063916e-09, -5.995809e-09, -3.583860e-09, -5.988270e-09, -4.464927e-09, 6.671230e-10, -3.581222e-09, 6.695171e-10, 6.496100e-10
-7.496855e-02, 5.653132e-09, 5.830558e-09, 1.834432e-09, 5.838110e-09, 7.805139e-09, -1.009166e-09, 1.835328e-09, -1.004962e-09, -6.978846e-10
