mu, xx, xy, xz, yx, yy, yz, zx, zy, zz
-8.000000e-02, 6.569067e+06, 4.902179e+03, 1.495068e+02, 4.902179e+03, 6.564493e+06, 6.152384e+03, 1.495068e+02, 6.152384e+03, 1.332157e+06
-7.899371e-02, 6.486550e+06, 9.865604e+03, -3.898729e+03, 9.865604e+03, 6.490299e+06, -2.300673e+03, -3.898729e+03, -2.300673e+03, 1.306133e+06
-7.798742e-02, 6.401329e+06, -1.015347e+04, -5.211873e+03, -1.015347e+04, 6.409669e+06, -7.575325e+03, -5.211873e+03, -7.575325e+03, 1.282506e+06
-7.698113e-02, 6.322913e+06, -7.511476e+03, -2.155479e+03, -7.511476e+03, 6.327729e+06, 3.406374e+03, -2.155479e+03, 3.406374e+03, 1.257975e+06
-7.597484e-02, 6.242746e+06, 5.031386e+03, 4.133177e+02, 5.031386e+03, 6.254828e+06, 3.174870e+02, 4.133177e+02, 3.174870e+02, 1.228846e+06
-7.496855e-02, 6.173955e+06, -5.122555e+03, -1.725559e+03, -5.122555e+03, 6.153077e+06, -3.872558e+03, -1.725559e+03, -3.872558e+03, 1.208792e+06
