mu, xxx, xxy, xxz, xyx, xyy, xyz, xzx, xzy, xzz, yxx, yxy, yxz, yyx, yyy, yyz, yzx, yzy, yzz, zxx, zxy, zxz, zyx, zyy, zyz, zzx, zzy, zzz

-8.000000e-02, -9.229766e-13, -1.103282e-11, 4.771062e-12, -6.119216e-12, -1.042522e-12, -3.049755e-12, -1.623854e-12, 3.072574e-13, 1.372770e-12, -7.340650e-13, -5.529016e-12, 9.685502e-12, -1.150897e-11, 5.877496e-12, -1.622321e-11, -1.055269e-12, 7.262583e-13, 1.472687e-13, 2.457826e-12, -3.089251e-12, -2.616302e-13, -3.064260e-12, -3.524946e-12, -9.807518e-13, 5.110230e-14, 3.541719e-13, -1.841063e-12
-7.899371e-02, 9.402609e-12, 4.216454e-12, -7.502157e-13, 4.408328e-12, -5.995495e-12, 1.096287e-12, -1.122219e-12, 8.482202e-13, 1.665705e-12, -4.195819e-12, -2.212441e-11, 1.288713e-11, -1.382948e-11, 4.065733e-12, -2.538041e-12, -6.082475e-15, -1.354572e-12, -1.153930e-13, -3.239289e-12, 2.223944e-12, -2.448427e-13, 1.549220e-13, 4.414188e-12, 5.505405e-13, 3.586128e-13, -9.502610e-14, 9.269729e-13
-7.798742e-02, 7.335719e-12, 1.193103e-11, 5.562984e-12, 9.879214e-12, -9.306604e-12, 5.121664e-12, -4.277328e-13, 5.721950e-13, 2.968366e-12, -1.225739e-11, -7.962735e-12, 1.388527e-11, -9.811716e-12, 1.785369e-11, -2.957433e-12, -5.339790e-13, 3.313987e-13, -2.548176e-12, 2.185773e-12, 3.826744e-12, -1.334005e-12, 2.464304e-12, -2.944911e-12, -4.616450e-14, 4.559013e-13, 8.032092e-14, -5.840079e-14
-7.698113e-02, -5.193346e-12, -3.837713e-12, 4.428835e-12, 2.261171e-13, 3.860867e-12, 1.591364e-11, -5.705185e-13, -2.779595e-13, 4.050010e-12, 7.457895e-13, 9.766349e-13, 9.623550e-12, -5.451307e-12, 2.736802e-12, -3.460707e-12, -3.475120e-13, 1.011228e-12, -2.321753e-12, -6.155148e-13, 3.612193e-12, -1.097183e-12, 2.846944e-12, -2.454083e-14, -6.882007e-13, 4.430018e-13, 1.341678e-14, -3.128932e-13
-7.597484e-02, -4.212754e-12, -8.090916e-12, 7.664154e-12, -1.478365e-12, 4.432372e-12, 1.253146e-11, -3.121704e-13, 5.637095e-13, -6.453649e-13, 1.507258e-11, 5.223128e-12, 4.006045e-12, 8.810451e-12, -1.112385e-11, -4.516513e-12, 7.781098e-13, 1.715963e-12, -1.890139e-12, -5.348604e-13, 3.660305e-12, 1.749434e-13, 3.598885e-12, 6.973452e-13, -4.330505e-14, 3.254335e-13, -2.228236e-13, 1.604903e-12
