mu, xxx, xxy, xxz, xyx, xyy, xyz, xzx, xzy, xzz, yxx, yxy, yxz, yyx, yyy, yyz, yzx, yzy, yzz, zxx, zxy, zxz, zyx, zyy, zyz, zzx, zzy, zzz
-8.000000e-02, 3.571138e+04, 6.664011e+04, 8.707305e+04, -2.094631e+04, -1.183862e+05, -2.441380e+04, 7.905908e+03, 3.246616e+04, -4.231480e+04, -1.115950e+05, -4.719703e+04, -6.822421e+03, 4.002965e+03, 1.860428e+04, -4.822625e+04, -1.090479e+04, -1.920706e+04, 4.244521e+04, 4.093425e+03, 1.071480e+04, 1.947026e+04, 7.527212e+03, 2.703507e+04, -4.141814e+04, 1.175246e+03, -2.603491e+03, 8.979224e+03
-7.899371e-02, 3.820059e+04, 2.572144e+04, 3.008764e+04, 9.757732e+04, -1.275083e+05, -3.475641e+04, 1.347234e+03, 5.205916e+03, -1.178895e+04, -1.005276e+05, 1.970358e+04, -2.809830e+04, -1.690073e+04, -2.141737e+04, -5.542897e+03, -3.391694e+04, 3.248935e+03, 2.573527e+04, -8.860783e+03, 1.336315e+04, 1.999235e+04, 2.203043e+04, 3.345363e+03, -3.120832e+04, 3.867526e+01, -3.566955e+03, 3.915646e+03
-7.798742e-02, -1.253520e+04, -4.954312e+03, 4.888993e+03, 2.354382e+05, -2.370821e+05, -6.210193e+03, 2.143275e+04, -1.896125e+03, -2.738590e+04, -1.677777e+05, 2.239500e+05, 1.540835e+04, 1.057181e+04, 1.149696e+03, -1.239697e+04, -6.082326e+03, -7.298002e+03, 2.963149e+03, -2.240168e+04, 9.918928e+03, 2.021364e+04, 9.687164e+03, 1.123100e+04, -7.517163e+03, 2.939725e+02, -3.238123e+03, 3.716855e+03
-7.698113e-02, 4.516182e+04, 1.865916e+04, 4.583035e+04, 4.096274e+04, -1.328557e+05, -6.213683e+04, -2.493275e+04, 9.358860e+03, 8.701140e+03, -8.261182e+04, 5.685795e+04, -2.306635e+04, -3.767833e+04, -3.105179e+04, -5.123685e+03, -3.024834e+04, 2.954480e+03, 9.746005e+03, 1.348324e+04, 2.660421e+03, 4.988074e+03, 1.022295e+03, 2.668791e+03, -2.597466e+04, 6.869957e+02, -5.229253e+03, 2.571352e+03
-7.597484e-02, -5.042760e+04, -7.294872e+04, -7.654523e+04, 4.337365e+05, -4.862878e+05, 1.350559e+04, 2.462798e+04, -3.391406e+04, 1.512577e+04, -2.422460e+05, 6.183571e+05, 7.860965e+04, -2.276842e+04, -1.009131e+04, 2.277176e+04, 7.529485e+03, -1.317131e+04, -6.975826e+03, -1.690201e+04, -6.654378e+03, -5.007279e+03, -8.326865e+03, 1.620335e+04, 2.531244e+04, 1.681543e+02, -6.093698e+02, 9.627066e+02
