mu, xxx, xxy, xxz, xyx, xyy, xyz, xzx, xzy, xzz, yxx, yxy, yxz, yyx, yyy, yyz, yzx, yzy, yzz, zxx, zxy, zxz, zyx, zyy, zyz, zzx, zzy, zzz
-8.000000e-02, -8.678627e+01, 3.549584e+01, -9.119853e+01, -1.276318e+00, 1.096653e+02, -9.921685e+02, 7.584571e+00, 1.427389e+01, -2.031641e+01, -6.018485e+01, 1.072930e+02, 7.510214e+02, 1.370944e+02, -9.927130e+00, 9.158475e+01, -1.947214e+00, -9.032239e+00, 3.487432e+01, -3.615222e+01, 7.551420e+00, 2.509897e+01, -3.939517e+01, 3.362961e+01, 8.416791e+00, -1.300673e+01, -1.217797e+01, 1.053442e+00
-7.899371e-02, -7.316048e+01, 1.874823e+01, 8.017817e+01, 2.177174e+01, 8.650547e+01, -8.618675e+02, 4.922029e+00, 3.416797e+00, -6.098840e+00, -6.941633e+01, 7.117476e+01, 9.341873e+02, 5.972526e+01, -6.297934e+01, -8.648399e+01, -7.667340e+00, -2.564911e+00, 8.102827e+01, -1.784189e+01, 3.106246e+01, 8.293120e-01, -1.132182e+01, 2.341081e+01, -4.281219e+01, 4.813310e+00, 7.294713e-01, -2.437713e+00
-7.798742e-02, -1.003789e+01, 9.055348e+00, -3.284827e+01, 6.216217e+00, 1.078667e+02, -1.328972e+03, 2.563767e+00, -2.779856e-01, -6.102264e+01, -4.757397e+00, 3.771803e+01, 1.188221e+03, 4.638257e+01, -4.881807e+00, 2.682746e+01, -8.895970e+00, -1.447032e+00, 5.566920e+00, -5.903894e+00, 3.310514e+01, 4.729508e+01, -7.643874e+00, 8.528787e+00, -2.228799e+00, 1.176515e+00, -2.102199e+00, -1.194766e+00
-7.698113e-02, -1.255377e+02, 7.962266e+00, 8.968513e+01, 2.961762e+00, 4.165382e+01, -7.548566e+02, 5.200209e+00, 4.865068e-01, 5.652881e+01, -6.728935e+01, 8.104100e+01, 1.094902e+03, 5.243179e+01, -5.020574e+01, -8.727711e+01, -6.757379e+00, -5.876186e+00, 6.918581e+01, -1.805126e+01, 3.443902e+01, -3.555036e+01, -1.977921e+01, 1.700944e+01, -1.411801e+01, 1.380201e+01, 1.819073e+00, 4.685419e-01
-7.597484e-02, 5.779411e+01, -4.242458e+01, 9.812010e+01, -6.862628e+00, 4.340549e+01, -2.229959e+03, -8.395059e+00, 5.751704e-03, -6.406827e+01, 5.709356e+01, -2.044793e+01, 1.966357e+03, -3.711814e+00, 7.579462e+00, -9.668117e+01, -1.681264e+00, 8.352860e+00, -3.101722e+01, 3.445205e+01, 1.591927e+01, 4.164853e+01, -9.161149e+00, -3.446355e+01, -2.552496e+00, -4.717435e+00, 1.569022e+01, 2.650666e-02
