mu, xxx, xxy, xxz, xyx, xyy, xyz, xzx, xzy, xzz, yxx, yxy, yxz, yyx, yyy, yyz, yzx, yzy, yzz, zxx, zxy, zxz, zyx, zyy, zyz, zzx, zzy, zzz
-8.000000e-02, -2.041787e+00, 9.379994e-04, -2.632759e-03, -5.125853e-05, 2.031519e+00, -1.011179e+02, 7.827048e-05, -6.829530e-02, 6.268622e-03, 4.508913e-04, 2.038026e+00, 1.011347e+02, 2.037948e+00, 7.689897e-04, 2.404009e-03, 6.841851e-02, -3.583817e-05, -9.925453e-04, -1.396472e-04, 8.214681e-01, -2.688892e-03, -8.239844e-01, 2.371731e-04, 1.496008e-03, 3.242032e-04, -3.623695e-04, -4.411336e-05
-7.899371e-02, -1.983692e+00, 2.560854e-03, -1.113938e-02, -1.516397e-04, 1.987724e+00, -9.979459e+01, 5.367219e-04, -7.423879e-02, -2.513877e-03, -2.980463e-03, 1.985183e+00, 9.978717e+01, 1.985520e+00, 1.211119e-03, 1.141036e-02, 7.408039e-02, -6.796381e-04, 5.896757e-04, -2.543340e-03, 8.024814e-01, 1.188425e-03, -8.016143e-01, 2.254708e-03, 8.276079e-05, -1.647671e-04, -1.233304e-03, 1.243223e-04
-7.798742e-02, -1.928650e+00, -4.863094e-04, 1.705605e-02, 1.019629e-03, 1.941014e+00, -9.852935e+01, -3.894351e-06, -7.944956e-02, -7.484219e-03, -5.849001e-03, 1.933726e+00, 9.851074e+01, 1.933507e+00, -6.518796e-03, -1.723514e-02, 7.891877e-02, 9.972786e-05, 7.753397e-03, -2.981816e-04, 7.828127e-01, 2.234196e-03, -7.794642e-01, 4.925224e-04, -3.300988e-03, -4.699929e-04, 9.845324e-04, -8.411135e-05
-7.698113e-02, -1.884511e+00, -1.080355e-03, 1.224141e-02, 2.644081e-04, 1.880639e+00, -9.722596e+01, -1.337999e-04, -8.411147e-02, 2.186328e-03, -3.134739e-03, 1.883637e+00, 9.722483e+01, 1.884353e+00, -3.608441e-03, -1.200686e-02, 8.465927e-02, 1.271406e-04, 4.289289e-03, 1.916367e-04, 7.602206e-01, -7.594211e-04, -7.624520e-01, -2.539415e-04, -1.768754e-03, -3.100673e-04, 7.812316e-04, 3.032316e-05
-7.597484e-02, -1.835943e+00, 1.165620e-03, -4.440966e-03, -1.218357e-04, 1.837307e+00, -9.590392e+01, -2.182847e-04, -8.924081e-02, -1.056701e-03, 5.079281e-04, 1.836770e+00, 9.589457e+01, 1.838093e+00, 1.402604e-03, 4.668628e-03, 8.899354e-02, 2.423061e-04, -1.404730e-03, -2.512562e-04, 7.419542e-01, 1.366160e-03, -7.428144e-01, 2.662127e-04, 1.206788e-03, -2.967002e-04, -3.769897e-04, -2.157143e-06
